course_id,section_id,instructor_id,semester,avg_grade,historical_mean,historical_std
CS101,001,INST015,Fall2023,72.7,73.5,3.6
CS101,001,INST035,Spring2024,67.4,64.5,3.9
CS101,001,INST014,Fall2024,60.8,63.6,5.2
CS101,001,INST046,Spring2025,67.7,66.2,5.9
CS101,002,INST038,Fall2023,72.5,73.7,5.7
CS101,002,INST011,Spring2024,70.1,67.0,7.0
CS101,002,INST049,Fall2024,72.8,74.6,4.9
CS101,002,INST023,Spring2025,65.9,68.1,3.9
CS101,003,INST035,Fall2023,75.7,72.9,6.7
CS101,003,INST019,Spring2024,61.8,64.2,7.2
CS101,003,INST037,Fall2024,80.8,76.9,6.0
CS101,003,INST050,Spring2025,67.8,65.5,3.8
CS102,001,INST007,Fall2023,66.1,67.2,3.8
CS102,001,INST011,Spring2024,72.5,68.8,5.3
CS102,001,INST044,Fall2024,67.8,68.7,4.3
CS102,001,INST047,Spring2025,72.1,73.7,5.9
CS102,002,INST041,Fall2023,65.6,66.4,5.3
CS102,002,INST050,Spring2024,74.0,74.4,4.4
CS102,002,INST021,Fall2024,73.3,76.0,4.4
CS102,002,INST037,Spring2025,73.5,69.2,3.8
CS102,003,INST026,Fall2023,80.0,77.8,4.8
CS102,003,INST009,Spring2024,76.0,77.9,6.1
CS102,003,INST038,Fall2024,65.5,66.4,5.7
CS102,003,INST009,Spring2025,69.6,69.7,5.8
CS201,001,INST008,Fall2023,68.6,71.2,3.9
CS201,001,INST039,Spring2024,67.2,64.8,4.1
CS201,001,INST034,Fall2024,68.1,63.1,5.0
CS201,001,INST044,Spring2025,71.0,66.5,5.7
CS201,002,INST018,Fall2023,76.3,75.0,6.2
CS201,002,INST011,Spring2024,85.2,75.8,4.9
CS201,002,INST017,Fall2024,74.2,70.2,7.3
CS201,002,INST007,Spring2025,80.6,79.5,6.5
CS201,003,INST039,Fall2023,79.8,77.7,4.7
CS201,003,INST050,Spring2024,63.9,65.6,5.0
CS201,003,INST032,Fall2024,80.4,78.6,7.2
CS201,003,INST020,Spring2025,66.4,62.4,7.2
MATH201,001,INST006,Fall2023,67.8,66.3,4.5
MATH201,001,INST049,Spring2024,61.1,63.5,5.4
MATH201,001,INST036,Fall2024,73.9,71.6,4.0
MATH201,001,INST014,Spring2025,66.9,65.0,5.6
MATH201,002,INST046,Fall2023,81.2,78.7,6.5
MATH201,002,INST029,Spring2024,69.8,67.6,7.5
MATH201,002,INST005,Fall2024,77.2,78.2,5.3
MATH201,002,INST015,Spring2025,66.9,68.1,5.9
MATH201,003,INST005,Fall2023,59.6,62.1,6.3
MATH201,003,INST016,Spring2024,75.9,78.3,6.9
MATH201,003,INST047,Fall2024,68.3,67.0,5.4
MATH201,003,INST031,Spring2025,79.6,78.8,5.8
MATH301,001,INST028,Fall2023,74.3,76.5,4.3
MATH301,001,INST004,Spring2024,72.3,68.4,5.1
MATH301,001,INST026,Fall2024,71.9,74.1,7.4
MATH301,001,INST013,Spring2025,73.0,75.1,6.7
MATH301,002,INST018,Fall2023,65.8,65.4,5.3
MATH301,002,INST036,Spring2024,67.9,70.3,7.0
MATH301,002,INST001,Fall2024,65.1,63.8,6.1
MATH301,002,INST011,Spring2025,99.2,79.4,7.2
MATH301,003,INST004,Fall2023,73.2,69.3,5.4
MATH301,003,INST030,Spring2024,65.1,65.0,3.5
MATH301,003,INST036,Fall2024,69.9,67.1,6.3
MATH301,003,INST014,Spring2025,72.4,73.9,5.4
ENG101,001,INST048,Fall2023,80.7,79.4,5.8
ENG101,001,INST034,Spring2024,68.4,67.6,3.7
ENG101,001,INST012,Fall2024,62.4,64.8,7.3
ENG101,001,INST026,Spring2025,67.1,63.2,3.8
ENG101,002,INST039,Fall2023,63.2,64.2,7.1
ENG101,002,INST037,Spring2024,69.6,62.7,3.8
ENG101,002,INST046,Fall2024,70.0,71.4,7.2
ENG101,002,INST042,Spring2025,65.7,67.7,4.6
ENG101,003,INST005,Fall2023,70.4,67.4,4.8
ENG101,003,INST007,Spring2024,63.7,62.2,6.0
ENG101,003,INST023,Fall2024,62.4,63.3,4.4
ENG101,003,INST011,Spring2025,77.9,77.9,7.0
ENG201,001,INST042,Fall2023,69.3,69.9,5.7
ENG201,001,INST043,Spring2024,72.9,71.5,6.2
ENG201,001,INST007,Fall2024,63.0,63.9,7.0
ENG201,001,INST014,Spring2025,74.7,75.4,4.1
ENG201,002,INST017,Fall2023,77.0,74.9,4.3
ENG201,002,INST004,Spring2024,75.4,71.1,4.5
ENG201,002,INST001,Fall2024,62.9,63.7,5.2
ENG201,002,INST011,Spring2025,72.8,68.0,4.0
ENG201,003,INST001,Fall2023,75.7,75.3,5.7
ENG201,003,INST010,Spring2024,66.5,64.0,7.3
ENG201,003,INST010,Fall2024,73.5,71.8,6.8
ENG201,003,INST003,Spring2025,69.6,69.7,3.7
EEE101,001,INST007,Fall2023,77.2,78.2,4.3
EEE101,001,INST040,Spring2024,72.4,68.4,5.7
EEE101,001,INST011,Fall2024,74.4,75.5,7.2
EEE101,001,INST002,Spring2025,83.7,79.6,6.7
EEE101,002,INST027,Fall2023,68.5,65.2,7.2
EEE101,002,INST018,Spring2024,79.9,76.4,7.0
EEE101,002,INST003,Fall2024,65.0,64.9,6.3
EEE101,002,INST030,Spring2025,81.0,77.5,4.4
EEE101,003,INST015,Fall2023,72.3,68.3,6.8
EEE101,003,INST005,Spring2024,62.0,62.4,4.3
EEE101,003,INST026,Fall2024,81.5,79.4,4.6
EEE101,003,INST002,Spring2025,73.8,74.2,6.9
MEC101,001,INST017,Fall2023,62.5,64.1,7.4
MEC101,001,INST021,Spring2024,62.5,62.7,5.9
MEC101,001,INST037,Fall2024,67.8,69.9,7.4
MEC101,001,INST034,Spring2025,65.9,65.4,3.7
MEC101,002,INST048,Fall2023,81.5,78.7,5.7
MEC101,002,INST043,Spring2024,75.8,75.3,4.3
MEC101,002,INST008,Fall2024,80.9,78.6,6.0
MEC101,002,INST027,Spring2025,74.5,75.0,4.7
MEC101,003,INST013,Fall2023,69.3,67.9,6.3
MEC101,003,INST012,Spring2024,72.0,69.6,7.3
MEC101,003,INST001,Fall2024,74.5,73.1,4.7
MEC101,003,INST039,Spring2025,70.8,67.5,4.3
PHY101,001,INST014,Fall2023,74.3,73.8,5.4
PHY101,001,INST048,Spring2024,75.9,71.2,6.7
PHY101,001,INST041,Fall2024,66.2,65.1,3.8
PHY101,001,INST016,Spring2025,77.7,73.1,3.9
PHY101,002,INST002,Fall2023,72.7,74.1,4.4
PHY101,002,INST050,Spring2024,64.7,62.8,7.4
PHY101,002,INST013,Fall2024,65.3,63.3,5.2
PHY101,002,INST010,Spring2025,75.1,74.9,5.0
PHY101,003,INST050,Fall2023,76.8,73.8,3.5
PHY101,003,INST045,Spring2024,76.7,77.9,6.6
PHY101,003,INST008,Fall2024,70.3,71.3,3.7
PHY101,003,INST036,Spring2025,90.4,70.2,6.7
CHM101,001,INST040,Fall2023,76.8,72.7,7.3
CHM101,001,INST036,Spring2024,98.4,76.7,7.1
CHM101,001,INST029,Fall2024,73.9,70.0,4.1
CHM101,001,INST050,Spring2025,68.8,66.7,4.5
CHM101,002,INST029,Fall2023,74.9,76.0,5.4
CHM101,002,INST021,Spring2024,62.6,63.4,4.6
CHM101,002,INST025,Fall2024,76.3,78.1,3.8
CHM101,002,INST027,Spring2025,72.0,74.5,6.3
CHM101,003,INST027,Fall2023,65.5,68.0,5.4
CHM101,003,INST002,Spring2024,73.6,69.0,6.6
CHM101,003,INST001,Fall2024,77.4,77.4,6.6
CHM101,003,INST027,Spring2025,79.1,79.0,4.7
BUS101,001,INST015,Fall2023,75.1,71.7,6.4
BUS101,001,INST025,Spring2024,71.7,70.8,4.6
BUS101,001,INST011,Fall2024,68.3,68.1,6.2
BUS101,001,INST035,Spring2025,81.9,77.1,7.2
BUS101,002,INST002,Fall2023,64.0,62.5,5.1
BUS101,002,INST012,Spring2024,67.4,63.5,5.2
BUS101,002,INST021,Fall2024,61.6,62.9,5.0
BUS101,002,INST027,Spring2025,67.3,68.1,7.0
BUS101,003,INST035,Fall2023,63.7,66.5,3.8
BUS101,003,INST005,Spring2024,61.7,62.9,7.3
BUS101,003,INST016,Fall2024,79.1,76.1,6.1
BUS101,003,INST009,Spring2025,63.8,65.6,3.6
