submission_id,student_id,assignment_id,timestamp,similarity_score
SUBSTU001ASSIGN049,STU001,ASSIGN049,2024-09-27T17:48:00+00:00,0.53
SUBSTU001ASSIGN032,STU001,ASSIGN032,2024-05-27T08:15:00+00:00,0.28
SUBSTU002ASSIGN041,STU002,ASSIGN041,2024-07-29T01:29:00+00:00,0.53
SUBSTU002ASSIGN040,STU002,ASSIGN040,2024-07-21T11:51:00+00:00,0.57
SUBSTU003ASSIGN039,STU003,ASSIGN039,2024-07-15T09:36:00+00:00,0.28
SUBSTU003ASSIGN031,STU003,ASSIGN031,2024-05-24T19:23:00+00:00,0.43
SUBSTU004ASSIGN018,STU004,ASSIGN018,2024-02-18T20:25:00+00:00,0.28
SUBSTU004ASSIGN003,STU004,ASSIGN003,2023-11-07T11:00:00+00:00,0.33
SUBSTU005ASSIGN030,STU005,ASSIGN030,2024-05-14T19:11:00+00:00,0.28
SUBSTU005ASSIGN007,STU005,ASSIGN007,2023-12-04T13:55:00+00:00,0.35
SUBSTU006ASSIGN014,STU006,ASSIGN014,2024-01-25T01:54:00+00:00,0.24
SUBSTU006ASSIGN027,STU006,ASSIGN027,2024-04-21T17:31:18+00:00,0.78
SUBSTU007ASSIGN003,STU007,ASSIGN003,2023-11-09T17:04:00+00:00,0.58
SUBSTU007ASSIGN002,STU007,ASSIGN002,2023-10-30T11:43:00+00:00,0.31
SUBSTU008ASSIGN050,STU008,ASSIGN050,2024-09-29T20:04:00+00:00,0.27
SUBSTU008ASSIGN006,STU008,ASSIGN006,2023-11-30T02:03:00+00:00,0.58
SUBSTU009ASSIGN008,STU009,ASSIGN008,2023-12-15T01:52:00+00:00,0.39
SUBSTU009ASSIGN045,STU009,ASSIGN045,2024-08-25T12:29:00+00:00,0.5
SUBSTU010ASSIGN001,STU010,ASSIGN001,2023-10-24T12:25:00+00:00,0.87
SUBSTU010ASSIGN018,STU010,ASSIGN018,2024-02-23T01:58:00+00:00,0.42
SUBSTU011ASSIGN050,STU011,ASSIGN050,2024-10-02T13:33:00+00:00,0.56
SUBSTU011ASSIGN023,STU011,ASSIGN023,2024-03-27T03:01:00+00:00,0.52
SUBSTU012ASSIGN050,STU012,ASSIGN050,2024-10-02T09:59:00+00:00,0.58
SUBSTU012ASSIGN028,STU012,ASSIGN028,2024-05-03T01:17:00+00:00,0.37
SUBSTU013ASSIGN049,STU013,ASSIGN049,2024-09-26T23:05:00+00:00,0.31
SUBSTU013ASSIGN029,STU013,ASSIGN029,2024-05-06T12:43:00+00:00,0.4
SUBSTU014ASSIGN022,STU014,ASSIGN022,2024-03-19T17:32:00+00:00,0.42
SUBSTU014ASSIGN033,STU014,ASSIGN033,2024-06-04T22:24:00+00:00,0.59
SUBSTU015ASSIGN021,STU015,ASSIGN021,2024-03-14T17:49:00+00:00,0.27
SUBSTU015ASSIGN046,STU015,ASSIGN046,2024-09-02T18:23:00+00:00,0.58
SUBSTU016ASSIGN008,STU016,ASSIGN008,2023-12-15T22:36:00+00:00,0.59
SUBSTU016ASSIGN006,STU016,ASSIGN006,2023-11-26T12:38:00+00:00,0.57
SUBSTU017ASSIGN001,STU017,ASSIGN001,2023-10-22T13:19:00+00:00,0.52
SUBSTU017ASSIGN003,STU017,ASSIGN003,2023-11-07T15:50:00+00:00,0.43
SUBSTU018ASSIGN015,STU018,ASSIGN015,2024-01-29T12:28:00+00:00,0.46
SUBSTU018ASSIGN005,STU018,ASSIGN005,2023-11-19T19:07:00+00:00,0.55
SUBSTU019ASSIGN005,STU019,ASSIGN005,2023-11-19T19:03:00+00:00,0.34
SUBSTU019ASSIGN014,STU019,ASSIGN014,2024-01-22T01:48:00+00:00,0.28
SUBSTU020ASSIGN041,STU020,ASSIGN041,2024-08-01T14:13:00+00:00,0.47
SUBSTU020ASSIGN028,STU020,ASSIGN028,2024-04-30T18:21:00+00:00,0.31
SUBSTU021ASSIGN034,STU021,ASSIGN034,2024-06-12T21:10:00+00:00,0.43
SUBSTU021ASSIGN040,STU021,ASSIGN040,2024-07-27T00:44:00+00:00,0.26
SUBSTU022ASSIGN045,STU022,ASSIGN045,2024-08-28T23:19:00+00:00,0.56
SUBSTU022ASSIGN015,STU022,ASSIGN015,2024-01-29T15:19:27+00:00,0.91
SUBSTU023ASSIGN010,STU023,ASSIGN010,2023-12-24T12:25:00+00:00,0.35
SUBSTU023ASSIGN048,STU023,ASSIGN048,2024-09-19T13:43:00+00:00,0.57
SUBSTU024ASSIGN019,STU024,ASSIGN019,2024-02-26T01:56:00+00:00,0.29
SUBSTU024ASSIGN014,STU024,ASSIGN014,2024-01-23T02:32:00+00:00,0.52
SUBSTU025ASSIGN007,STU025,ASSIGN007,2023-12-04T14:29:00+00:00,0.53
SUBSTU025ASSIGN048,STU025,ASSIGN048,2024-09-16T14:49:00+00:00,0.44
SUBSTU026ASSIGN042,STU026,ASSIGN042,2024-08-09T18:24:00+00:00,0.45
SUBSTU026ASSIGN001,STU026,ASSIGN001,2023-10-22T20:52:00+00:00,0.5
SUBSTU027ASSIGN006,STU027,ASSIGN006,2023-11-27T22:10:00+00:00,0.3
SUBSTU027ASSIGN034,STU027,ASSIGN034,2024-06-10T14:57:00+00:00,0.49
SUBSTU028ASSIGN030,STU028,ASSIGN030,2024-05-13T02:10:00+00:00,0.27
SUBSTU028ASSIGN023,STU028,ASSIGN023,2024-03-27T21:47:00+00:00,0.41
SUBSTU029ASSIGN006,STU029,ASSIGN006,2023-11-29T14:02:00+00:00,0.51
SUBSTU029ASSIGN043,STU029,ASSIGN043,2024-08-14T00:23:00+00:00,0.39
SUBSTU030ASSIGN017,STU030,ASSIGN017,2024-02-14T03:11:00+00:00,0.45
SUBSTU030ASSIGN048,STU030,ASSIGN048,2024-09-18T12:37:00+00:00,0.35
SUBSTU031ASSIGN037,STU031,ASSIGN037,2024-07-02T12:51:00+00:00,0.45
SUBSTU031ASSIGN003,STU031,ASSIGN003,2023-11-09T02:19:33+00:00,0.88
SUBSTU032ASSIGN043,STU032,ASSIGN043,2024-08-12T10:20:56+00:00,0.8
SUBSTU032ASSIGN036,STU032,ASSIGN036,2024-06-27T14:12:00+00:00,0.49
SUBSTU033ASSIGN008,STU033,ASSIGN008,2023-12-13T13:59:00+00:00,0.23
SUBSTU033ASSIGN042,STU033,ASSIGN042,2024-08-09T15:20:00+00:00,0.28
SUBSTU034ASSIGN046,STU034,ASSIGN046,2024-09-03T03:16:00+00:00,0.46
SUBSTU034ASSIGN047,STU034,ASSIGN047,2024-09-09T08:59:00+00:00,0.33
SUBSTU035ASSIGN012,STU035,ASSIGN012,2024-01-12T03:20:00+00:00,0.56
SUBSTU035ASSIGN010,STU035,ASSIGN010,2023-12-25T22:03:00+00:00,0.55
SUBSTU036ASSIGN007,STU036,ASSIGN007,2023-12-06T19:09:00+00:00,0.46
SUBSTU036ASSIGN047,STU036,ASSIGN047,2024-09-12T10:34:00+00:00,0.46
SUBSTU037ASSIGN016,STU037,ASSIGN016,2024-02-08T12:54:00+00:00,0.29
SUBSTU037ASSIGN036,STU037,ASSIGN036,2024-06-24T19:05:00+00:00,0.46
SUBSTU038ASSIGN045,STU038,ASSIGN045,2024-08-30T02:26:00+00:00,0.28
SUBSTU038ASSIGN016,STU038,ASSIGN016,2024-02-08T18:30:00+00:00,0.31
SUBSTU039ASSIGN008,STU039,ASSIGN008,2023-12-15T23:48:00+00:00,0.49
SUBSTU039ASSIGN032,STU039,ASSIGN032,2024-05-29T15:28:00+00:00,0.26
SUBSTU040ASSIGN026,STU040,ASSIGN026,2024-04-15T08:40:00+00:00,0.43
SUBSTU040ASSIGN019,STU040,ASSIGN019,2024-02-27T16:39:00+00:00,0.43
SUBSTU041ASSIGN050,STU041,ASSIGN050,2024-10-03T11:58:00+00:00,0.27
SUBSTU041ASSIGN032,STU041,ASSIGN032,2024-05-30T03:52:00+00:00,0.38
SUBSTU042ASSIGN012,STU042,ASSIGN012,2024-01-08T23:01:00+00:00,0.23
SUBSTU042ASSIGN037,STU042,ASSIGN037,2024-06-30T19:18:00+00:00,0.3
SUBSTU043ASSIGN039,STU043,ASSIGN039,2024-07-19T00:59:00+00:00,0.49
SUBSTU043ASSIGN030,STU043,ASSIGN030,2024-05-14T00:44:00+00:00,0.91
SUBSTU044ASSIGN021,STU044,ASSIGN021,2024-03-15T03:03:00+00:00,0.58
SUBSTU044ASSIGN009,STU044,ASSIGN009,2023-12-21T16:17:00+00:00,0.25
SUBSTU045ASSIGN002,STU045,ASSIGN002,2023-10-29T12:35:00+00:00,0.52
SUBSTU045ASSIGN044,STU045,ASSIGN044,2024-08-21T09:51:00+00:00,0.42
SUBSTU046ASSIGN012,STU046,ASSIGN012,2024-01-07T17:03:00+00:00,0.5
SUBSTU046ASSIGN003,STU046,ASSIGN003,2023-11-08T23:53:00+00:00,0.41
SUBSTU047ASSIGN033,STU047,ASSIGN033,2024-06-05T19:55:00+00:00,0.47
SUBSTU047ASSIGN037,STU047,ASSIGN037,2024-07-05T20:42:00+00:00,0.47
SUBSTU048ASSIGN023,STU048,ASSIGN023,2024-03-26T02:15:00+00:00,0.36
SUBSTU048ASSIGN012,STU048,ASSIGN012,2024-01-07T09:22:00+00:00,0.28
SUBSTU049ASSIGN018,STU049,ASSIGN018,2024-02-23T11:00:21+00:00,0.93
SUBSTU049ASSIGN020,STU049,ASSIGN020,2024-03-08T03:35:00+00:00,0.33
SUBSTU050ASSIGN030,STU050,ASSIGN030,2024-05-14T13:33:00+00:00,0.58
SUBSTU050ASSIGN005,STU050,ASSIGN005,2023-11-25T03:28:00+00:00,0.56
SUBSTU051ASSIGN006,STU051,ASSIGN006,2023-11-28T03:42:00+00:00,0.27
SUBSTU051ASSIGN002,STU051,ASSIGN002,2023-11-03T19:53:00+00:00,0.47
SUBSTU052ASSIGN006,STU052,ASSIGN006,2023-11-28T00:18:00+00:00,0.31
SUBSTU052ASSIGN020,STU052,ASSIGN020,2024-03-09T01:27:00+00:00,0.28
SUBSTU053ASSIGN040,STU053,ASSIGN040,2024-07-22T03:40:00+00:00,0.37
SUBSTU053ASSIGN013,STU053,ASSIGN013,2024-01-17T10:49:00+00:00,0.28
SUBSTU054ASSIGN038,STU054,ASSIGN038,2024-07-07T11:55:00+00:00,0.26
SUBSTU054ASSIGN032,STU054,ASSIGN032,2024-05-26T13:09:00+00:00,0.49
SUBSTU055ASSIGN008,STU055,ASSIGN008,2023-12-11T12:01:00+00:00,0.55
SUBSTU055ASSIGN014,STU055,ASSIGN014,2024-01-26T23:42:00+00:00,0.36
SUBSTU056ASSIGN049,STU056,ASSIGN049,2024-09-23T09:49:00+00:00,0.25
SUBSTU056ASSIGN043,STU056,ASSIGN043,2024-08-16T11:02:00+00:00,0.25
SUBSTU057ASSIGN025,STU057,ASSIGN025,2024-04-07T12:25:00+00:00,0.57
SUBSTU057ASSIGN026,STU057,ASSIGN026,2024-04-14T12:07:00+00:00,0.45
SUBSTU058ASSIGN003,STU058,ASSIGN003,2023-11-06T19:42:00+00:00,0.46
SUBSTU058ASSIGN029,STU058,ASSIGN029,2024-05-09T22:56:00+00:00,0.57
SUBSTU059ASSIGN013,STU059,ASSIGN013,2024-01-19T15:18:00+00:00,0.21
SUBSTU059ASSIGN040,STU059,ASSIGN040,2024-07-25T14:34:00+00:00,0.37
SUBSTU060ASSIGN022,STU060,ASSIGN022,2024-03-21T08:27:00+00:00,0.46
SUBSTU060ASSIGN014,STU060,ASSIGN014,2024-01-24T18:17:00+00:00,0.51
SUBSTU061ASSIGN007,STU061,ASSIGN007,2023-12-05T14:00:00+00:00,0.24
SUBSTU061ASSIGN010,STU061,ASSIGN010,2023-12-26T08:46:00+00:00,0.52
SUBSTU062ASSIGN044,STU062,ASSIGN044,2024-08-24T01:54:00+00:00,0.26
SUBSTU062ASSIGN026,STU062,ASSIGN026,2024-04-16T08:17:00+00:00,0.43
SUBSTU063ASSIGN021,STU063,ASSIGN021,2024-03-11T17:47:00+00:00,0.35
SUBSTU063ASSIGN009,STU063,ASSIGN009,2023-12-17T14:36:00+00:00,0.48
SUBSTU064ASSIGN024,STU064,ASSIGN024,2024-04-05T20:59:00+00:00,0.54
SUBSTU064ASSIGN023,STU064,ASSIGN023,2024-03-24T08:02:00+00:00,0.52
SUBSTU065ASSIGN014,STU065,ASSIGN014,2024-01-27T03:25:00+00:00,0.44
SUBSTU065ASSIGN046,STU065,ASSIGN046,2024-09-03T03:54:00+00:00,0.4
SUBSTU066ASSIGN002,STU066,ASSIGN002,2023-10-29T15:48:00+00:00,0.59
SUBSTU066ASSIGN050,STU066,ASSIGN050,2024-09-29T12:50:00+00:00,0.31
SUBSTU067ASSIGN028,STU067,ASSIGN028,2024-05-02T19:08:00+00:00,0.42
SUBSTU067ASSIGN023,STU067,ASSIGN023,2024-03-27T18:28:00+00:00,0.51
SUBSTU068ASSIGN009,STU068,ASSIGN009,2023-12-17T16:51:00+00:00,0.58
SUBSTU068ASSIGN014,STU068,ASSIGN014,2024-01-26T13:19:00+00:00,0.88
SUBSTU069ASSIGN031,STU069,ASSIGN031,2024-05-22T12:12:00+00:00,0.34
SUBSTU069ASSIGN004,STU069,ASSIGN004,2023-11-14T00:21:00+00:00,0.29
SUBSTU070ASSIGN032,STU070,ASSIGN032,2024-05-26T13:40:00+00:00,0.44
SUBSTU070ASSIGN018,STU070,ASSIGN018,2024-02-18T23:07:00+00:00,0.49
SUBSTU071ASSIGN006,STU071,ASSIGN006,2023-11-29T08:45:00+00:00,0.36
SUBSTU071ASSIGN028,STU071,ASSIGN028,2024-04-29T12:19:00+00:00,0.54
SUBSTU072ASSIGN034,STU072,ASSIGN034,2024-06-09T19:41:00+00:00,0.33
SUBSTU072ASSIGN042,STU072,ASSIGN042,2024-08-05T08:15:00+00:00,0.29
SUBSTU073ASSIGN046,STU073,ASSIGN046,2024-09-01T16:31:00+00:00,0.22
SUBSTU073ASSIGN019,STU073,ASSIGN019,2024-02-25T20:23:00+00:00,0.56
SUBSTU074ASSIGN026,STU074,ASSIGN026,2024-04-18T23:24:00+00:00,0.35
SUBSTU074ASSIGN032,STU074,ASSIGN032,2024-05-28T10:12:00+00:00,0.35
SUBSTU075ASSIGN038,STU075,ASSIGN038,2024-07-09T20:41:00+00:00,0.31
SUBSTU075ASSIGN044,STU075,ASSIGN044,2024-08-19T16:24:00+00:00,0.3
SUBSTU076ASSIGN007,STU076,ASSIGN007,2023-12-05T23:45:00+00:00,0.37
SUBSTU076ASSIGN009,STU076,ASSIGN009,2023-12-17T09:30:00+00:00,0.42
SUBSTU077ASSIGN050,STU077,ASSIGN050,2024-10-03T12:11:00+00:00,0.22
SUBSTU077ASSIGN008,STU077,ASSIGN008,2023-12-10T22:04:00+00:00,0.42
SUBSTU078ASSIGN007,STU078,ASSIGN007,2023-12-06T17:25:00+00:00,0.51
SUBSTU078ASSIGN029,STU078,ASSIGN029,2024-05-06T00:41:00+00:00,0.26
SUBSTU079ASSIGN034,STU079,ASSIGN034,2024-06-13T08:26:00+00:00,0.41
SUBSTU079ASSIGN003,STU079,ASSIGN003,2023-11-10T20:30:00+00:00,0.38
SUBSTU080ASSIGN010,STU080,ASSIGN010,2023-12-24T11:41:00+00:00,0.59
SUBSTU080ASSIGN038,STU080,ASSIGN038,2024-07-12T10:04:00+00:00,0.39
SUBSTU081ASSIGN013,STU081,ASSIGN013,2024-01-14T21:56:00+00:00,0.38
SUBSTU081ASSIGN033,STU081,ASSIGN033,2024-06-03T09:50:00+00:00,0.38
SUBSTU082ASSIGN015,STU082,ASSIGN015,2024-01-28T09:37:00+00:00,0.53
SUBSTU082ASSIGN022,STU082,ASSIGN022,2024-03-19T20:19:00+00:00,0.59
SUBSTU083ASSIGN018,STU083,ASSIGN018,2024-02-20T14:48:00+00:00,0.52
SUBSTU083ASSIGN032,STU083,ASSIGN032,2024-05-27T11:53:00+00:00,0.48
SUBSTU084ASSIGN002,STU084,ASSIGN002,2023-11-01T14:12:00+00:00,0.34
SUBSTU084ASSIGN037,STU084,ASSIGN037,2024-07-04T20:07:00+00:00,0.38
SUBSTU085ASSIGN046,STU085,ASSIGN046,2024-09-05T16:39:00+00:00,0.4
SUBSTU085ASSIGN028,STU085,ASSIGN028,2024-04-29T12:06:00+00:00,0.42
SUBSTU086ASSIGN022,STU086,ASSIGN022,2024-03-22T14:50:00+00:00,0.44
SUBSTU086ASSIGN013,STU086,ASSIGN013,2024-01-12T08:32:20+00:00,0.92
SUBSTU087ASSIGN028,STU087,ASSIGN028,2024-05-01T13:04:00+00:00,0.23
SUBSTU087ASSIGN026,STU087,ASSIGN026,2024-04-18T10:11:00+00:00,0.41
SUBSTU088ASSIGN009,STU088,ASSIGN009,2023-12-20T08:38:00+00:00,0.21
SUBSTU088ASSIGN045,STU088,ASSIGN045,2024-08-27T21:45:00+00:00,0.37
SUBSTU089ASSIGN007,STU089,ASSIGN007,2023-12-05T08:51:00+00:00,0.5
SUBSTU089ASSIGN020,STU089,ASSIGN020,2024-03-03T09:43:00+00:00,0.38
SUBSTU090ASSIGN032,STU090,ASSIGN032,2024-05-29T12:14:00+00:00,0.57
SUBSTU090ASSIGN043,STU090,ASSIGN043,2024-08-11T08:40:00+00:00,0.5
SUBSTU091ASSIGN017,STU091,ASSIGN017,2024-02-13T02:33:00+00:00,0.51
SUBSTU091ASSIGN038,STU091,ASSIGN038,2024-07-11T10:19:00+00:00,0.53
SUBSTU092ASSIGN037,STU092,ASSIGN037,2024-07-05T17:12:00+00:00,0.43
SUBSTU092ASSIGN049,STU092,ASSIGN049,2024-09-24T16:30:00+00:00,0.47
SUBSTU093ASSIGN046,STU093,ASSIGN046,2024-09-03T13:52:00+00:00,0.22
SUBSTU093ASSIGN005,STU093,ASSIGN005,2023-11-24T01:07:00+00:00,0.22
SUBSTU094ASSIGN038,STU094,ASSIGN038,2024-07-13T00:57:00+00:00,0.57
SUBSTU094ASSIGN020,STU094,ASSIGN020,2024-03-07T02:03:00+00:00,0.6
SUBSTU095ASSIGN041,STU095,ASSIGN041,2024-08-02T10:13:00+00:00,0.28
SUBSTU095ASSIGN015,STU095,ASSIGN015,2024-02-01T22:59:00+00:00,0.47
SUBSTU096ASSIGN027,STU096,ASSIGN027,2024-04-26T02:59:00+00:00,0.5
SUBSTU096ASSIGN025,STU096,ASSIGN025,2024-04-07T22:01:00+00:00,0.56
SUBSTU097ASSIGN007,STU097,ASSIGN007,2023-12-05T00:33:00+00:00,0.31
SUBSTU097ASSIGN010,STU097,ASSIGN010,2023-12-25T00:33:00+00:00,0.39
SUBSTU098ASSIGN018,STU098,ASSIGN018,2024-02-19T13:56:00+00:00,0.5
SUBSTU098ASSIGN016,STU098,ASSIGN016,2024-02-07T14:14:00+00:00,0.28
SUBSTU099ASSIGN045,STU099,ASSIGN045,2024-08-30T17:52:00+00:00,0.43
SUBSTU099ASSIGN033,STU099,ASSIGN033,2024-06-02T23:13:00+00:00,0.52
SUBSTU100ASSIGN005,STU100,ASSIGN005,2023-11-21T13:38:00+00:00,0.55
SUBSTU100ASSIGN046,STU100,ASSIGN046,2024-09-06T12:45:00+00:00,0.21
SUBSTU101ASSIGN030,STU101,ASSIGN030,2024-05-16T23:43:00+00:00,0.53
SUBSTU101ASSIGN004,STU101,ASSIGN004,2023-11-16T13:51:00+00:00,0.24
SUBSTU102ASSIGN027,STU102,ASSIGN027,2024-04-22T08:56:00+00:00,0.45
SUBSTU102ASSIGN004,STU102,ASSIGN004,2023-11-17T16:51:00+00:00,0.24
SUBSTU103ASSIGN035,STU103,ASSIGN035,2024-06-17T20:36:00+00:00,0.47
SUBSTU103ASSIGN006,STU103,ASSIGN006,2023-12-01T03:30:00+00:00,0.41
SUBSTU104ASSIGN033,STU104,ASSIGN033,2024-06-06T23:18:00+00:00,0.56
SUBSTU104ASSIGN050,STU104,ASSIGN050,2024-09-29T10:51:00+00:00,0.59
SUBSTU105ASSIGN002,STU105,ASSIGN002,2023-11-03T01:11:00+00:00,0.45
SUBSTU105ASSIGN047,STU105,ASSIGN047,2024-09-11T01:20:00+00:00,0.21
SUBSTU106ASSIGN005,STU106,ASSIGN005,2023-11-22T16:52:00+00:00,0.32
SUBSTU106ASSIGN035,STU106,ASSIGN035,2024-06-17T13:29:00+00:00,0.5
SUBSTU107ASSIGN029,STU107,ASSIGN029,2024-05-10T01:30:00+00:00,0.49
SUBSTU107ASSIGN023,STU107,ASSIGN023,2024-03-26T03:29:00+00:00,0.59
SUBSTU108ASSIGN033,STU108,ASSIGN033,2024-06-05T08:23:00+00:00,0.42
SUBSTU108ASSIGN024,STU108,ASSIGN024,2024-03-31T08:52:00+00:00,0.3
SUBSTU109ASSIGN003,STU109,ASSIGN003,2023-11-08T18:55:00+00:00,0.39
SUBSTU109ASSIGN027,STU109,ASSIGN027,2024-04-21T14:08:00+00:00,0.54
SUBSTU110ASSIGN025,STU110,ASSIGN025,2024-04-07T18:13:00+00:00,0.44
SUBSTU110ASSIGN037,STU110,ASSIGN037,2024-06-30T10:52:00+00:00,0.57
SUBSTU111ASSIGN033,STU111,ASSIGN033,2024-06-07T17:13:00+00:00,0.52
SUBSTU111ASSIGN032,STU111,ASSIGN032,2024-05-30T22:27:00+00:00,0.42
SUBSTU112ASSIGN033,STU112,ASSIGN033,2024-06-05T21:23:00+00:00,0.43
SUBSTU112ASSIGN010,STU112,ASSIGN010,2023-12-30T00:17:00+00:00,0.47
SUBSTU113ASSIGN004,STU113,ASSIGN004,2023-11-12T20:06:00+00:00,0.29
SUBSTU113ASSIGN018,STU113,ASSIGN018,2024-02-18T16:49:00+00:00,0.56
SUBSTU114ASSIGN006,STU114,ASSIGN006,2023-11-29T11:50:00+00:00,0.34
SUBSTU114ASSIGN038,STU114,ASSIGN038,2024-07-08T00:52:00+00:00,0.56
SUBSTU115ASSIGN042,STU115,ASSIGN042,2024-08-06T00:38:00+00:00,0.31
SUBSTU115ASSIGN016,STU115,ASSIGN016,2024-02-10T02:52:00+00:00,0.42
SUBSTU116ASSIGN022,STU116,ASSIGN022,2024-03-20T20:05:00+00:00,0.24
SUBSTU116ASSIGN047,STU116,ASSIGN047,2024-09-12T03:49:00+00:00,0.52
SUBSTU117ASSIGN043,STU117,ASSIGN043,2024-08-14T14:12:00+00:00,0.32
SUBSTU117ASSIGN042,STU117,ASSIGN042,2024-08-04T22:23:00+00:00,0.48
SUBSTU118ASSIGN019,STU118,ASSIGN019,2024-02-28T21:05:00+00:00,0.42
SUBSTU118ASSIGN040,STU118,ASSIGN040,2024-07-26T17:02:00+00:00,0.57
SUBSTU119ASSIGN028,STU119,ASSIGN028,2024-04-30T23:27:00+00:00,0.4
SUBSTU119ASSIGN002,STU119,ASSIGN002,2023-10-30T10:12:00+00:00,0.38
SUBSTU120ASSIGN010,STU120,ASSIGN010,2023-12-26T11:29:00+00:00,0.35
SUBSTU120ASSIGN036,STU120,ASSIGN036,2024-06-24T20:08:00+00:00,0.43
SUBSTU121ASSIGN016,STU121,ASSIGN016,2024-02-07T17:23:00+00:00,0.42
SUBSTU121ASSIGN041,STU121,ASSIGN041,2024-07-29T08:00:00+00:00,0.4
SUBSTU122ASSIGN037,STU122,ASSIGN037,2024-07-01T17:04:00+00:00,0.41
SUBSTU122ASSIGN050,STU122,ASSIGN050,2024-10-04T01:07:00+00:00,0.29
SUBSTU123ASSIGN003,STU123,ASSIGN003,2023-11-06T16:49:00+00:00,0.36
SUBSTU123ASSIGN028,STU123,ASSIGN028,2024-04-30T01:59:00+00:00,0.38
SUBSTU124ASSIGN037,STU124,ASSIGN037,2024-07-03T08:45:00+00:00,0.45
SUBSTU124ASSIGN005,STU124,ASSIGN005,2023-11-19T11:02:00+00:00,0.32
SUBSTU125ASSIGN014,STU125,ASSIGN014,2024-01-25T16:28:00+00:00,0.34
SUBSTU125ASSIGN008,STU125,ASSIGN008,2023-12-14T13:34:00+00:00,0.6
SUBSTU126ASSIGN014,STU126,ASSIGN014,2024-01-24T11:41:00+00:00,0.29
SUBSTU126ASSIGN046,STU126,ASSIGN046,2024-09-04T21:54:00+00:00,0.56
SUBSTU127ASSIGN022,STU127,ASSIGN022,2024-03-18T09:29:00+00:00,0.57
SUBSTU127ASSIGN012,STU127,ASSIGN012,2024-01-10T02:59:00+00:00,0.4
SUBSTU128ASSIGN026,STU128,ASSIGN026,2024-04-19T08:44:00+00:00,0.56
SUBSTU128ASSIGN022,STU128,ASSIGN022,2024-03-19T17:30:00+00:00,0.5
SUBSTU129ASSIGN032,STU129,ASSIGN032,2024-05-28T12:15:00+00:00,0.45
SUBSTU129ASSIGN010,STU129,ASSIGN010,2023-12-27T18:51:00+00:00,0.46
SUBSTU130ASSIGN013,STU130,ASSIGN013,2024-01-16T17:20:00+00:00,0.21
SUBSTU130ASSIGN045,STU130,ASSIGN045,2024-08-29T22:12:00+00:00,0.36
SUBSTU131ASSIGN005,STU131,ASSIGN005,2023-11-25T00:31:00+00:00,0.56
SUBSTU131ASSIGN031,STU131,ASSIGN031,2024-05-24T10:13:00+00:00,0.51
SUBSTU132ASSIGN009,STU132,ASSIGN009,2023-12-20T02:22:00+00:00,0.43
SUBSTU132ASSIGN045,STU132,ASSIGN045,2024-08-29T09:25:00+00:00,0.42
SUBSTU133ASSIGN047,STU133,ASSIGN047,2024-09-11T23:45:00+00:00,0.53
SUBSTU133ASSIGN001,STU133,ASSIGN001,2023-10-23T11:18:00+00:00,0.31
SUBSTU134ASSIGN029,STU134,ASSIGN029,2024-05-09T01:38:00+00:00,0.54
SUBSTU134ASSIGN018,STU134,ASSIGN018,2024-02-18T15:43:00+00:00,0.54
SUBSTU135ASSIGN040,STU135,ASSIGN040,2024-07-24T20:51:00+00:00,0.58
SUBSTU135ASSIGN012,STU135,ASSIGN012,2024-01-11T22:24:00+00:00,0.45
SUBSTU136ASSIGN035,STU136,ASSIGN035,2024-06-18T03:51:00+00:00,0.36
SUBSTU136ASSIGN040,STU136,ASSIGN040,2024-07-26T02:45:00+00:00,0.38
SUBSTU137ASSIGN033,STU137,ASSIGN033,2024-06-06T18:39:00+00:00,0.48
SUBSTU137ASSIGN025,STU137,ASSIGN025,2024-04-10T03:41:17+00:00,0.95
SUBSTU138ASSIGN017,STU138,ASSIGN017,2024-02-16T09:40:00+00:00,0.24
SUBSTU138ASSIGN021,STU138,ASSIGN021,2024-03-14T12:36:00+00:00,0.49
SUBSTU139ASSIGN044,STU139,ASSIGN044,2024-08-19T00:18:00+00:00,0.6
SUBSTU139ASSIGN012,STU139,ASSIGN012,2024-01-08T21:01:00+00:00,0.56
SUBSTU140ASSIGN003,STU140,ASSIGN003,2023-11-05T10:24:00+00:00,0.39
SUBSTU140ASSIGN023,STU140,ASSIGN023,2024-03-27T10:06:00+00:00,0.29
SUBSTU141ASSIGN039,STU141,ASSIGN039,2024-07-18T21:28:00+00:00,0.28
SUBSTU141ASSIGN035,STU141,ASSIGN035,2024-06-18T16:29:00+00:00,0.36
SUBSTU142ASSIGN046,STU142,ASSIGN046,2024-09-02T11:24:00+00:00,0.41
SUBSTU142ASSIGN042,STU142,ASSIGN042,2024-08-06T19:11:00+00:00,0.35
SUBSTU143ASSIGN004,STU143,ASSIGN004,2023-11-15T08:15:00+00:00,0.22
SUBSTU143ASSIGN025,STU143,ASSIGN025,2024-04-12T03:32:00+00:00,0.32
SUBSTU144ASSIGN009,STU144,ASSIGN009,2023-12-22T03:48:00+00:00,0.3
SUBSTU144ASSIGN020,STU144,ASSIGN020,2024-03-03T18:00:00+00:00,0.57
SUBSTU145ASSIGN025,STU145,ASSIGN025,2024-04-10T03:00:00+00:00,0.45
SUBSTU145ASSIGN044,STU145,ASSIGN044,2024-08-22T00:58:00+00:00,0.36
SUBSTU146ASSIGN021,STU146,ASSIGN021,2024-03-12T13:31:00+00:00,0.21
SUBSTU146ASSIGN028,STU146,ASSIGN028,2024-04-30T18:44:00+00:00,0.37
SUBSTU147ASSIGN024,STU147,ASSIGN024,2024-04-03T19:36:00+00:00,0.42
SUBSTU147ASSIGN032,STU147,ASSIGN032,2024-05-27T03:29:00+00:00,0.38
SUBSTU148ASSIGN020,STU148,ASSIGN020,2024-03-05T15:32:00+00:00,0.28
SUBSTU148ASSIGN050,STU148,ASSIGN050,2024-10-03T08:59:00+00:00,0.37
SUBSTU149ASSIGN016,STU149,ASSIGN016,2024-02-06T21:48:00+00:00,0.55
SUBSTU149ASSIGN024,STU149,ASSIGN024,2024-04-01T14:17:00+00:00,0.51
SUBSTU150ASSIGN022,STU150,ASSIGN022,2024-03-19T09:50:00+00:00,0.24
SUBSTU150ASSIGN045,STU150,ASSIGN045,2024-08-30T19:24:00+00:00,0.44
SUBSTU151ASSIGN023,STU151,ASSIGN023,2024-03-24T08:18:00+00:00,0.48
SUBSTU151ASSIGN015,STU151,ASSIGN015,2024-02-02T22:31:00+00:00,0.26
SUBSTU152ASSIGN012,STU152,ASSIGN012,2024-01-08T13:11:00+00:00,0.32
SUBSTU152ASSIGN008,STU152,ASSIGN008,2023-12-13T22:36:00+00:00,0.59
SUBSTU153ASSIGN031,STU153,ASSIGN031,2024-05-25T00:10:00+00:00,0.32
SUBSTU153ASSIGN045,STU153,ASSIGN045,2024-08-26T18:47:00+00:00,0.45
SUBSTU154ASSIGN025,STU154,ASSIGN025,2024-04-07T10:41:00+00:00,0.27
SUBSTU154ASSIGN002,STU154,ASSIGN002,2023-11-03T11:24:00+00:00,0.24
SUBSTU155ASSIGN033,STU155,ASSIGN033,2024-06-07T01:38:00+00:00,0.46
SUBSTU155ASSIGN017,STU155,ASSIGN017,2024-02-11T08:12:00+00:00,0.5
SUBSTU156ASSIGN035,STU156,ASSIGN035,2024-06-17T00:11:00+00:00,0.44
SUBSTU156ASSIGN001,STU156,ASSIGN001,2023-10-26T00:25:00+00:00,0.48
SUBSTU157ASSIGN036,STU157,ASSIGN036,2024-06-24T10:42:00+00:00,0.27
SUBSTU157ASSIGN009,STU157,ASSIGN009,2023-12-21T20:13:00+00:00,0.38
SUBSTU158ASSIGN001,STU158,ASSIGN001,2023-10-25T12:36:00+00:00,0.6
SUBSTU158ASSIGN018,STU158,ASSIGN018,2024-02-21T16:58:00+00:00,0.54
SUBSTU159ASSIGN041,STU159,ASSIGN041,2024-07-28T13:01:00+00:00,0.49
SUBSTU159ASSIGN028,STU159,ASSIGN028,2024-04-29T09:49:00+00:00,0.28
SUBSTU160ASSIGN017,STU160,ASSIGN017,2024-02-17T00:20:00+00:00,0.34
SUBSTU160ASSIGN015,STU160,ASSIGN015,2024-01-31T19:48:00+00:00,0.48
SUBSTU161ASSIGN047,STU161,ASSIGN047,2024-09-12T09:38:00+00:00,0.38
SUBSTU161ASSIGN025,STU161,ASSIGN025,2024-04-10T03:41:38+00:00,0.82
SUBSTU162ASSIGN017,STU162,ASSIGN017,2024-02-12T18:34:00+00:00,0.25
SUBSTU162ASSIGN033,STU162,ASSIGN033,2024-06-08T03:01:00+00:00,0.48
SUBSTU163ASSIGN015,STU163,ASSIGN015,2024-01-30T16:38:00+00:00,0.34
SUBSTU163ASSIGN033,STU163,ASSIGN033,2024-06-04T09:36:00+00:00,0.21
SUBSTU164ASSIGN028,STU164,ASSIGN028,2024-04-30T20:32:00+00:00,0.31
SUBSTU164ASSIGN017,STU164,ASSIGN017,2024-02-14T11:56:10+00:00,0.94
SUBSTU165ASSIGN013,STU165,ASSIGN013,2024-01-14T12:46:00+00:00,0.58
SUBSTU165ASSIGN005,STU165,ASSIGN005,2023-11-20T23:16:00+00:00,0.31
SUBSTU166ASSIGN035,STU166,ASSIGN035,2024-06-22T00:46:00+00:00,0.47
SUBSTU166ASSIGN040,STU166,ASSIGN040,2024-07-25T10:53:00+00:00,0.38
SUBSTU167ASSIGN050,STU167,ASSIGN050,2024-09-30T16:17:00+00:00,0.47
SUBSTU167ASSIGN026,STU167,ASSIGN026,2024-04-19T13:40:00+00:00,0.4
SUBSTU168ASSIGN002,STU168,ASSIGN002,2023-11-03T02:23:00+00:00,0.35
SUBSTU168ASSIGN013,STU168,ASSIGN013,2024-01-15T10:29:00+00:00,0.56
SUBSTU169ASSIGN023,STU169,ASSIGN023,2024-03-25T02:31:00+00:00,0.22
SUBSTU169ASSIGN046,STU169,ASSIGN046,2024-09-01T21:12:00+00:00,0.58
SUBSTU170ASSIGN003,STU170,ASSIGN003,2023-11-09T02:19:54+00:00,0.82
SUBSTU170ASSIGN017,STU170,ASSIGN017,2024-02-15T15:50:00+00:00,0.33
SUBSTU171ASSIGN035,STU171,ASSIGN035,2024-06-17T17:06:00+00:00,0.45
SUBSTU171ASSIGN033,STU171,ASSIGN033,2024-06-03T19:17:00+00:00,0.54
SUBSTU172ASSIGN020,STU172,ASSIGN020,2024-03-03T11:32:00+00:00,0.41
SUBSTU172ASSIGN001,STU172,ASSIGN001,2023-10-27T21:31:00+00:00,0.38
SUBSTU173ASSIGN033,STU173,ASSIGN033,2024-06-06T10:17:00+00:00,0.54
SUBSTU173ASSIGN019,STU173,ASSIGN019,2024-02-20T14:03:45+00:00,0.93
SUBSTU174ASSIGN017,STU174,ASSIGN017,2024-02-13T16:55:00+00:00,0.3
SUBSTU174ASSIGN043,STU174,ASSIGN043,2024-08-12T02:08:00+00:00,0.28
SUBSTU175ASSIGN035,STU175,ASSIGN035,2024-06-21T10:15:00+00:00,0.39
SUBSTU175ASSIGN024,STU175,ASSIGN024,2024-04-04T15:25:00+00:00,0.38
SUBSTU176ASSIGN036,STU176,ASSIGN036,2024-06-23T18:56:00+00:00,0.3
SUBSTU176ASSIGN007,STU176,ASSIGN007,2023-12-07T12:12:00+00:00,0.26
SUBSTU177ASSIGN030,STU177,ASSIGN030,2024-05-16T16:43:00+00:00,0.55
SUBSTU177ASSIGN033,STU177,ASSIGN033,2024-06-07T21:10:00+00:00,0.52
SUBSTU178ASSIGN037,STU178,ASSIGN037,2024-07-04T04:00:00+00:00,0.41
SUBSTU178ASSIGN038,STU178,ASSIGN038,2024-07-08T10:04:00+00:00,0.32
SUBSTU179ASSIGN021,STU179,ASSIGN021,2024-03-14T12:32:00+00:00,0.54
SUBSTU179ASSIGN031,STU179,ASSIGN031,2024-05-19T17:21:00+00:00,0.54
SUBSTU180ASSIGN044,STU180,ASSIGN044,2024-08-24T01:00:24+00:00,0.84
SUBSTU180ASSIGN009,STU180,ASSIGN009,2023-12-18T02:26:00+00:00,0.5
SUBSTU181ASSIGN025,STU181,ASSIGN025,2024-04-09T13:58:00+00:00,0.31
SUBSTU181ASSIGN046,STU181,ASSIGN046,2024-09-03T03:00:00+00:00,0.46
SUBSTU182ASSIGN038,STU182,ASSIGN038,2024-07-09T01:47:00+00:00,0.29
SUBSTU182ASSIGN029,STU182,ASSIGN029,2024-05-09T11:31:00+00:00,0.26
SUBSTU183ASSIGN008,STU183,ASSIGN008,2023-12-16T02:45:00+00:00,0.4
SUBSTU183ASSIGN042,STU183,ASSIGN042,2024-08-07T13:21:00+00:00,0.58
SUBSTU184ASSIGN037,STU184,ASSIGN037,2024-07-02T01:38:00+00:00,0.55
SUBSTU184ASSIGN014,STU184,ASSIGN014,2024-01-22T03:43:00+00:00,0.42
SUBSTU185ASSIGN014,STU185,ASSIGN014,2024-01-22T12:08:00+00:00,0.22
SUBSTU185ASSIGN011,STU185,ASSIGN011,2023-12-31T08:30:00+00:00,0.27
SUBSTU186ASSIGN012,STU186,ASSIGN012,2024-01-07T10:09:00+00:00,0.48
SUBSTU186ASSIGN001,STU186,ASSIGN001,2023-10-25T23:44:00+00:00,0.37
SUBSTU187ASSIGN008,STU187,ASSIGN008,2023-12-11T01:20:00+00:00,0.54
SUBSTU187ASSIGN003,STU187,ASSIGN003,2023-11-10T03:03:00+00:00,0.57
SUBSTU188ASSIGN044,STU188,ASSIGN044,2024-08-23T21:11:00+00:00,0.25
SUBSTU188ASSIGN031,STU188,ASSIGN031,2024-05-23T10:51:00+00:00,0.53
SUBSTU189ASSIGN013,STU189,ASSIGN013,2024-01-17T11:10:00+00:00,0.32
SUBSTU189ASSIGN024,STU189,ASSIGN024,2024-04-05T16:01:00+00:00,0.56
SUBSTU190ASSIGN019,STU190,ASSIGN019,2024-03-01T16:19:00+00:00,0.46
SUBSTU190ASSIGN021,STU190,ASSIGN021,2024-03-11T01:25:00+00:00,0.5
SUBSTU191ASSIGN031,STU191,ASSIGN031,2024-05-23T02:47:00+00:00,0.46
SUBSTU191ASSIGN018,STU191,ASSIGN018,2024-02-19T18:44:00+00:00,0.32
SUBSTU192ASSIGN038,STU192,ASSIGN038,2024-07-12T11:20:00+00:00,0.21
SUBSTU192ASSIGN021,STU192,ASSIGN021,2024-03-11T08:34:00+00:00,0.38
SUBSTU193ASSIGN049,STU193,ASSIGN049,2024-09-23T08:07:00+00:00,0.35
SUBSTU193ASSIGN026,STU193,ASSIGN026,2024-04-16T19:14:00+00:00,0.58
SUBSTU194ASSIGN038,STU194,ASSIGN038,2024-07-10T10:32:00+00:00,0.33
SUBSTU194ASSIGN025,STU194,ASSIGN025,2024-04-12T09:34:00+00:00,0.37
SUBSTU195ASSIGN043,STU195,ASSIGN043,2024-08-14T17:10:00+00:00,0.24
SUBSTU195ASSIGN025,STU195,ASSIGN025,2024-04-07T21:24:00+00:00,0.57
SUBSTU196ASSIGN020,STU196,ASSIGN020,2024-03-08T11:04:00+00:00,0.48
SUBSTU196ASSIGN006,STU196,ASSIGN006,2023-11-27T17:37:00+00:00,0.2
SUBSTU197ASSIGN029,STU197,ASSIGN029,2024-05-07T11:25:00+00:00,0.36
SUBSTU197ASSIGN035,STU197,ASSIGN035,2024-06-20T17:10:00+00:00,0.51
SUBSTU198ASSIGN031,STU198,ASSIGN031,2024-05-23T08:30:00+00:00,0.35
SUBSTU198ASSIGN003,STU198,ASSIGN003,2023-11-09T14:38:00+00:00,0.37
SUBSTU199ASSIGN036,STU199,ASSIGN036,2024-06-26T02:54:00+00:00,0.26
SUBSTU199ASSIGN013,STU199,ASSIGN013,2024-01-12T08:32:48+00:00,0.92
SUBSTU200ASSIGN026,STU200,ASSIGN026,2024-04-17T23:40:00+00:00,0.51
SUBSTU200ASSIGN011,STU200,ASSIGN011,2024-01-04T15:59:00+00:00,0.42
SUBSTU201ASSIGN036,STU201,ASSIGN036,2024-06-29T03:18:00+00:00,0.25
SUBSTU201ASSIGN034,STU201,ASSIGN034,2024-06-14T00:33:00+00:00,0.51
SUBSTU202ASSIGN005,STU202,ASSIGN005,2023-11-19T20:39:00+00:00,0.52
SUBSTU202ASSIGN024,STU202,ASSIGN024,2024-04-03T14:09:00+00:00,0.35
SUBSTU203ASSIGN005,STU203,ASSIGN005,2023-11-22T20:52:00+00:00,0.21
SUBSTU203ASSIGN037,STU203,ASSIGN037,2024-07-04T16:04:00+00:00,0.25
SUBSTU204ASSIGN006,STU204,ASSIGN006,2023-11-29T20:14:00+00:00,0.38
SUBSTU204ASSIGN009,STU204,ASSIGN009,2023-12-23T01:49:00+00:00,0.43
SUBSTU205ASSIGN012,STU205,ASSIGN012,2024-01-07T18:19:00+00:00,0.59
SUBSTU205ASSIGN025,STU205,ASSIGN025,2024-04-11T08:11:00+00:00,0.5
SUBSTU206ASSIGN037,STU206,ASSIGN037,2024-07-01T10:29:00+00:00,0.51
SUBSTU206ASSIGN024,STU206,ASSIGN024,2024-04-02T19:27:00+00:00,0.4
SUBSTU207ASSIGN008,STU207,ASSIGN008,2023-12-13T23:35:00+00:00,0.32
SUBSTU207ASSIGN030,STU207,ASSIGN030,2024-05-12T12:42:00+00:00,0.4
SUBSTU208ASSIGN025,STU208,ASSIGN025,2024-04-08T10:32:00+00:00,0.24
SUBSTU208ASSIGN039,STU208,ASSIGN039,2024-07-20T02:49:00+00:00,0.26
SUBSTU209ASSIGN006,STU209,ASSIGN006,2023-12-01T21:44:00+00:00,0.58
SUBSTU209ASSIGN039,STU209,ASSIGN039,2024-07-17T17:05:00+00:00,0.27
SUBSTU210ASSIGN010,STU210,ASSIGN010,2023-12-27T19:24:00+00:00,0.4
SUBSTU210ASSIGN039,STU210,ASSIGN039,2024-07-14T23:20:00+00:00,0.22
SUBSTU211ASSIGN046,STU211,ASSIGN046,2024-09-06T20:30:00+00:00,0.31
SUBSTU211ASSIGN017,STU211,ASSIGN017,2024-02-12T11:35:00+00:00,0.53
SUBSTU212ASSIGN023,STU212,ASSIGN023,2024-03-26T20:43:00+00:00,0.39
SUBSTU212ASSIGN044,STU212,ASSIGN044,2024-08-18T18:53:00+00:00,0.37
SUBSTU213ASSIGN033,STU213,ASSIGN033,2024-06-03T03:43:00+00:00,0.26
SUBSTU213ASSIGN009,STU213,ASSIGN009,2023-12-20T00:57:00+00:00,0.53
SUBSTU214ASSIGN046,STU214,ASSIGN046,2024-09-01T09:41:00+00:00,0.23
SUBSTU214ASSIGN037,STU214,ASSIGN037,2024-07-03T15:29:00+00:00,0.57
SUBSTU215ASSIGN022,STU215,ASSIGN022,2024-03-19T09:48:00+00:00,0.38
SUBSTU215ASSIGN027,STU215,ASSIGN027,2024-04-22T12:38:00+00:00,0.31
SUBSTU216ASSIGN031,STU216,ASSIGN031,2024-05-23T13:33:00+00:00,0.57
SUBSTU216ASSIGN012,STU216,ASSIGN012,2024-01-11T19:11:00+00:00,0.55
SUBSTU217ASSIGN018,STU217,ASSIGN018,2024-02-18T11:02:00+00:00,0.39
SUBSTU217ASSIGN001,STU217,ASSIGN001,2023-10-28T01:38:00+00:00,0.27
SUBSTU218ASSIGN045,STU218,ASSIGN045,2024-08-30T23:26:00+00:00,0.3
SUBSTU218ASSIGN017,STU218,ASSIGN017,2024-02-12T22:19:00+00:00,0.23
SUBSTU219ASSIGN035,STU219,ASSIGN035,2024-06-18T08:12:00+00:00,0.39
SUBSTU219ASSIGN050,STU219,ASSIGN050,2024-09-29T19:59:00+00:00,0.58
SUBSTU220ASSIGN042,STU220,ASSIGN042,2024-08-04T11:07:00+00:00,0.25
SUBSTU220ASSIGN045,STU220,ASSIGN045,2024-08-27T08:02:00+00:00,0.44
SUBSTU221ASSIGN030,STU221,ASSIGN030,2024-05-17T10:56:00+00:00,0.33
SUBSTU221ASSIGN007,STU221,ASSIGN007,2023-12-06T10:45:00+00:00,0.5
SUBSTU222ASSIGN003,STU222,ASSIGN003,2023-11-07T15:45:00+00:00,0.58
SUBSTU222ASSIGN048,STU222,ASSIGN048,2024-09-18T09:49:00+00:00,0.53
SUBSTU223ASSIGN009,STU223,ASSIGN009,2023-12-17T09:07:00+00:00,0.38
SUBSTU223ASSIGN013,STU223,ASSIGN013,2024-01-17T18:42:00+00:00,0.47
SUBSTU224ASSIGN001,STU224,ASSIGN001,2023-10-24T10:57:00+00:00,0.55
SUBSTU224ASSIGN031,STU224,ASSIGN031,2024-05-23T18:39:00+00:00,0.42
SUBSTU225ASSIGN021,STU225,ASSIGN021,2024-03-12T15:44:00+00:00,0.52
SUBSTU225ASSIGN045,STU225,ASSIGN045,2024-08-27T03:22:00+00:00,0.41
SUBSTU226ASSIGN027,STU226,ASSIGN027,2024-04-26T03:33:00+00:00,0.29
SUBSTU226ASSIGN038,STU226,ASSIGN038,2024-07-10T19:45:00+00:00,0.25
SUBSTU227ASSIGN017,STU227,ASSIGN017,2024-02-14T11:56:00+00:00,0.8
SUBSTU227ASSIGN018,STU227,ASSIGN018,2024-02-23T11:00:00+00:00,0.79
SUBSTU228ASSIGN047,STU228,ASSIGN047,2024-09-10T00:11:00+00:00,0.28
SUBSTU228ASSIGN033,STU228,ASSIGN033,2024-06-05T02:22:00+00:00,0.23
SUBSTU229ASSIGN050,STU229,ASSIGN050,2024-09-29T09:12:00+00:00,0.3
SUBSTU229ASSIGN047,STU229,ASSIGN047,2024-09-08T13:14:00+00:00,0.34
SUBSTU230ASSIGN036,STU230,ASSIGN036,2024-06-27T21:45:00+00:00,0.29
SUBSTU230ASSIGN043,STU230,ASSIGN043,2024-08-12T10:20:00+00:00,0.81
SUBSTU231ASSIGN019,STU231,ASSIGN019,2024-03-01T20:17:00+00:00,0.38
SUBSTU231ASSIGN014,STU231,ASSIGN014,2024-01-25T16:15:00+00:00,0.33
SUBSTU232ASSIGN010,STU232,ASSIGN010,2023-12-28T10:03:00+00:00,0.36
SUBSTU232ASSIGN027,STU232,ASSIGN027,2024-04-24T02:37:00+00:00,0.37
SUBSTU233ASSIGN048,STU233,ASSIGN048,2024-09-18T14:36:00+00:00,0.44
SUBSTU233ASSIGN028,STU233,ASSIGN028,2024-04-29T16:34:00+00:00,0.56
SUBSTU234ASSIGN035,STU234,ASSIGN035,2024-06-18T02:40:00+00:00,0.32
SUBSTU234ASSIGN033,STU234,ASSIGN033,2024-06-03T18:51:00+00:00,0.52
SUBSTU235ASSIGN025,STU235,ASSIGN025,2024-04-09T21:51:00+00:00,0.57
SUBSTU235ASSIGN041,STU235,ASSIGN041,2024-08-01T09:37:00+00:00,0.33
SUBSTU236ASSIGN004,STU236,ASSIGN004,2023-11-15T17:26:00+00:00,0.48
SUBSTU236ASSIGN029,STU236,ASSIGN029,2024-05-08T20:17:00+00:00,0.38
SUBSTU237ASSIGN022,STU237,ASSIGN022,2024-03-17T20:25:00+00:00,0.58
SUBSTU237ASSIGN023,STU237,ASSIGN023,2024-03-25T15:01:00+00:00,0.43
SUBSTU238ASSIGN047,STU238,ASSIGN047,2024-09-12T09:09:00+00:00,0.42
SUBSTU238ASSIGN001,STU238,ASSIGN001,2023-10-24T19:04:00+00:00,0.24
SUBSTU239ASSIGN032,STU239,ASSIGN032,2024-05-31T18:33:00+00:00,0.49
SUBSTU239ASSIGN041,STU239,ASSIGN041,2024-08-02T11:28:00+00:00,0.56
SUBSTU240ASSIGN007,STU240,ASSIGN007,2023-12-03T23:47:00+00:00,0.51
SUBSTU240ASSIGN006,STU240,ASSIGN006,2023-11-29T11:14:00+00:00,0.44
SUBSTU241ASSIGN044,STU241,ASSIGN044,2024-08-19T19:12:00+00:00,0.52
SUBSTU241ASSIGN002,STU241,ASSIGN002,2023-11-03T23:11:00+00:00,0.47
SUBSTU242ASSIGN004,STU242,ASSIGN004,2023-11-17T14:02:00+00:00,0.27
SUBSTU242ASSIGN044,STU242,ASSIGN044,2024-08-18T21:51:00+00:00,0.49
SUBSTU243ASSIGN024,STU243,ASSIGN024,2024-04-02T17:08:00+00:00,0.48
SUBSTU243ASSIGN015,STU243,ASSIGN015,2024-01-29T15:19:38+00:00,0.89
SUBSTU244ASSIGN006,STU244,ASSIGN006,2023-11-27T14:13:00+00:00,0.38
SUBSTU244ASSIGN043,STU244,ASSIGN043,2024-08-14T03:18:00+00:00,0.34
SUBSTU245ASSIGN004,STU245,ASSIGN004,2023-11-13T22:15:00+00:00,0.5
SUBSTU245ASSIGN001,STU245,ASSIGN001,2023-10-27T09:43:00+00:00,0.23
SUBSTU246ASSIGN008,STU246,ASSIGN008,2023-12-11T14:14:00+00:00,0.56
SUBSTU246ASSIGN022,STU246,ASSIGN022,2024-03-19T16:51:00+00:00,0.38
SUBSTU247ASSIGN040,STU247,ASSIGN040,2024-07-21T22:57:00+00:00,0.31
SUBSTU247ASSIGN022,STU247,ASSIGN022,2024-03-20T11:24:00+00:00,0.51
SUBSTU248ASSIGN046,STU248,ASSIGN046,2024-09-02T23:49:00+00:00,0.44
SUBSTU248ASSIGN013,STU248,ASSIGN013,2024-01-14T20:04:00+00:00,0.48
SUBSTU249ASSIGN038,STU249,ASSIGN038,2024-07-09T08:57:00+00:00,0.57
SUBSTU249ASSIGN044,STU249,ASSIGN044,2024-08-23T10:14:00+00:00,0.22
SUBSTU250ASSIGN026,STU250,ASSIGN026,2024-04-19T15:22:00+00:00,0.59
SUBSTU250ASSIGN019,STU250,ASSIGN019,2024-02-20T14:03:34+00:00,0.85
SUBSTU251ASSIGN038,STU251,ASSIGN038,2024-07-02T11:21:11+00:00,0.82
SUBSTU251ASSIGN008,STU251,ASSIGN008,2023-12-10T15:19:00+00:00,0.37
SUBSTU252ASSIGN033,STU252,ASSIGN033,2024-06-07T17:42:00+00:00,0.23
SUBSTU252ASSIGN040,STU252,ASSIGN040,2024-07-25T18:14:00+00:00,0.45
SUBSTU253ASSIGN007,STU253,ASSIGN007,2023-12-08T19:29:00+00:00,0.55
SUBSTU253ASSIGN015,STU253,ASSIGN015,2024-02-01T13:56:00+00:00,0.58
SUBSTU254ASSIGN023,STU254,ASSIGN023,2024-03-25T20:45:00+00:00,0.47
SUBSTU254ASSIGN049,STU254,ASSIGN049,2024-09-24T13:00:00+00:00,0.22
SUBSTU255ASSIGN025,STU255,ASSIGN025,2024-04-07T10:01:00+00:00,0.36
SUBSTU255ASSIGN005,STU255,ASSIGN005,2023-11-23T03:26:00+00:00,0.58
SUBSTU256ASSIGN001,STU256,ASSIGN001,2023-10-22T21:34:00+00:00,0.43
SUBSTU256ASSIGN042,STU256,ASSIGN042,2024-08-08T10:00:00+00:00,0.23
SUBSTU257ASSIGN025,STU257,ASSIGN025,2024-04-11T00:17:00+00:00,0.31
SUBSTU257ASSIGN046,STU257,ASSIGN046,2024-09-06T16:14:00+00:00,0.6
SUBSTU258ASSIGN033,STU258,ASSIGN033,2024-06-07T12:16:00+00:00,0.49
SUBSTU258ASSIGN018,STU258,ASSIGN018,2024-02-19T14:36:00+00:00,0.43
SUBSTU259ASSIGN019,STU259,ASSIGN019,2024-02-29T20:47:00+00:00,0.54
SUBSTU259ASSIGN020,STU259,ASSIGN020,2024-03-03T08:05:00+00:00,0.36
SUBSTU260ASSIGN030,STU260,ASSIGN030,2024-05-13T19:24:00+00:00,0.33
SUBSTU260ASSIGN025,STU260,ASSIGN025,2024-04-08T13:29:00+00:00,0.45
SUBSTU261ASSIGN001,STU261,ASSIGN001,2023-10-25T15:15:00+00:00,0.59
SUBSTU261ASSIGN005,STU261,ASSIGN005,2023-11-21T16:42:00+00:00,0.25
SUBSTU262ASSIGN026,STU262,ASSIGN026,2024-04-16T11:36:00+00:00,0.38
SUBSTU262ASSIGN012,STU262,ASSIGN012,2024-01-09T14:16:00+00:00,0.43
SUBSTU263ASSIGN041,STU263,ASSIGN041,2024-08-03T03:32:00+00:00,0.48
SUBSTU263ASSIGN012,STU263,ASSIGN012,2024-01-08T15:28:00+00:00,0.52
SUBSTU264ASSIGN020,STU264,ASSIGN020,2024-03-03T10:22:00+00:00,0.21
SUBSTU264ASSIGN022,STU264,ASSIGN022,2024-03-18T03:30:00+00:00,0.22
SUBSTU265ASSIGN027,STU265,ASSIGN027,2024-04-21T20:09:00+00:00,0.3
SUBSTU265ASSIGN044,STU265,ASSIGN044,2024-08-24T02:27:00+00:00,0.42
SUBSTU266ASSIGN027,STU266,ASSIGN027,2024-04-23T16:17:00+00:00,0.21
SUBSTU266ASSIGN033,STU266,ASSIGN033,2024-06-02T11:01:00+00:00,0.35
SUBSTU267ASSIGN029,STU267,ASSIGN029,2024-05-06T08:13:00+00:00,0.31
SUBSTU267ASSIGN015,STU267,ASSIGN015,2024-02-02T19:25:00+00:00,0.58
SUBSTU268ASSIGN030,STU268,ASSIGN030,2024-05-17T02:59:00+00:00,0.52
SUBSTU268ASSIGN022,STU268,ASSIGN022,2024-03-21T23:23:00+00:00,0.33
SUBSTU269ASSIGN037,STU269,ASSIGN037,2024-06-30T13:50:00+00:00,0.44
SUBSTU269ASSIGN012,STU269,ASSIGN012,2024-01-11T22:27:00+00:00,0.32
SUBSTU270ASSIGN026,STU270,ASSIGN026,2024-04-15T16:12:00+00:00,0.37
SUBSTU270ASSIGN003,STU270,ASSIGN003,2023-11-06T08:17:00+00:00,0.55
SUBSTU271ASSIGN010,STU271,ASSIGN010,2023-12-26T20:04:00+00:00,0.41
SUBSTU271ASSIGN030,STU271,ASSIGN030,2024-05-14T00:44:38+00:00,0.83
SUBSTU272ASSIGN030,STU272,ASSIGN030,2024-05-17T12:18:00+00:00,0.2
SUBSTU272ASSIGN002,STU272,ASSIGN002,2023-11-01T11:54:00+00:00,0.24
SUBSTU273ASSIGN023,STU273,ASSIGN023,2024-03-26T02:47:00+00:00,0.2
SUBSTU273ASSIGN011,STU273,ASSIGN011,2024-01-01T22:43:00+00:00,0.48
SUBSTU274ASSIGN011,STU274,ASSIGN011,2024-01-05T13:50:00+00:00,0.23
SUBSTU274ASSIGN007,STU274,ASSIGN007,2023-12-07T12:14:00+00:00,0.41
SUBSTU275ASSIGN032,STU275,ASSIGN032,2024-05-26T20:29:00+00:00,0.43
SUBSTU275ASSIGN047,STU275,ASSIGN047,2024-09-11T11:37:00+00:00,0.51
SUBSTU276ASSIGN033,STU276,ASSIGN033,2024-06-04T02:16:00+00:00,0.35
SUBSTU276ASSIGN028,STU276,ASSIGN028,2024-05-03T02:47:00+00:00,0.23
SUBSTU277ASSIGN038,STU277,ASSIGN038,2024-07-11T23:49:00+00:00,0.48
SUBSTU277ASSIGN021,STU277,ASSIGN021,2024-03-13T13:42:00+00:00,0.48
SUBSTU278ASSIGN007,STU278,ASSIGN007,2023-12-08T01:38:00+00:00,0.22
SUBSTU278ASSIGN025,STU278,ASSIGN025,2024-04-07T19:35:00+00:00,0.57
SUBSTU279ASSIGN031,STU279,ASSIGN031,2024-05-24T15:22:00+00:00,0.23
SUBSTU279ASSIGN035,STU279,ASSIGN035,2024-06-19T13:16:00+00:00,0.4
SUBSTU280ASSIGN038,STU280,ASSIGN038,2024-07-09T01:22:00+00:00,0.31
SUBSTU280ASSIGN031,STU280,ASSIGN031,2024-05-21T09:49:00+00:00,0.46
SUBSTU281ASSIGN033,STU281,ASSIGN033,2024-06-04T00:16:00+00:00,0.27
SUBSTU281ASSIGN009,STU281,ASSIGN009,2023-12-17T14:03:00+00:00,0.42
SUBSTU282ASSIGN040,STU282,ASSIGN040,2024-07-25T12:21:00+00:00,0.45
SUBSTU282ASSIGN019,STU282,ASSIGN019,2024-02-26T12:37:00+00:00,0.46
SUBSTU283ASSIGN010,STU283,ASSIGN010,2023-12-26T11:01:00+00:00,0.31
SUBSTU283ASSIGN004,STU283,ASSIGN004,2023-11-15T17:30:00+00:00,0.46
SUBSTU284ASSIGN047,STU284,ASSIGN047,2024-09-14T01:54:00+00:00,0.5
SUBSTU284ASSIGN009,STU284,ASSIGN009,2023-12-17T22:23:00+00:00,0.59
SUBSTU285ASSIGN024,STU285,ASSIGN024,2024-04-04T14:41:00+00:00,0.48
SUBSTU285ASSIGN037,STU285,ASSIGN037,2024-07-05T12:19:00+00:00,0.49
SUBSTU286ASSIGN048,STU286,ASSIGN048,2024-09-16T09:13:00+00:00,0.45
SUBSTU286ASSIGN001,STU286,ASSIGN001,2023-10-24T12:25:33+00:00,0.84
SUBSTU287ASSIGN045,STU287,ASSIGN045,2024-08-26T12:28:00+00:00,0.25
SUBSTU287ASSIGN010,STU287,ASSIGN010,2023-12-28T00:59:00+00:00,0.34
SUBSTU288ASSIGN009,STU288,ASSIGN009,2023-12-17T16:19:00+00:00,0.35
SUBSTU288ASSIGN045,STU288,ASSIGN045,2024-08-26T09:24:00+00:00,0.56
SUBSTU289ASSIGN049,STU289,ASSIGN049,2024-09-26T11:11:00+00:00,0.37
SUBSTU289ASSIGN009,STU289,ASSIGN009,2023-12-17T21:53:00+00:00,0.3
SUBSTU290ASSIGN013,STU290,ASSIGN013,2024-01-19T09:57:00+00:00,0.34
SUBSTU290ASSIGN001,STU290,ASSIGN001,2023-10-26T15:52:00+00:00,0.57
SUBSTU291ASSIGN029,STU291,ASSIGN029,2024-05-08T20:08:00+00:00,0.36
SUBSTU291ASSIGN030,STU291,ASSIGN030,2024-05-16T11:16:00+00:00,0.44
SUBSTU292ASSIGN015,STU292,ASSIGN015,2024-01-28T08:46:00+00:00,0.46
SUBSTU292ASSIGN009,STU292,ASSIGN009,2023-12-21T11:03:00+00:00,0.37
SUBSTU293ASSIGN044,STU293,ASSIGN044,2024-08-19T00:01:00+00:00,0.32
SUBSTU293ASSIGN048,STU293,ASSIGN048,2024-09-19T09:23:00+00:00,0.54
SUBSTU294ASSIGN011,STU294,ASSIGN011,2024-01-06T02:07:00+00:00,0.29
SUBSTU294ASSIGN038,STU294,ASSIGN038,2024-07-07T16:59:00+00:00,0.3
SUBSTU295ASSIGN048,STU295,ASSIGN048,2024-09-17T10:16:00+00:00,0.45
SUBSTU295ASSIGN035,STU295,ASSIGN035,2024-06-19T13:32:00+00:00,0.26
SUBSTU296ASSIGN006,STU296,ASSIGN006,2023-11-26T22:19:00+00:00,0.39
SUBSTU296ASSIGN013,STU296,ASSIGN013,2024-01-18T09:54:00+00:00,0.35
SUBSTU297ASSIGN036,STU297,ASSIGN036,2024-06-26T21:25:00+00:00,0.38
SUBSTU297ASSIGN024,STU297,ASSIGN024,2024-03-31T21:04:00+00:00,0.29
SUBSTU298ASSIGN026,STU298,ASSIGN026,2024-04-15T03:28:00+00:00,0.4
SUBSTU298ASSIGN010,STU298,ASSIGN010,2023-12-27T20:21:00+00:00,0.34
SUBSTU299ASSIGN020,STU299,ASSIGN020,2024-03-05T16:41:00+00:00,0.32
SUBSTU299ASSIGN038,STU299,ASSIGN038,2024-07-07T23:03:00+00:00,0.59
SUBSTU300ASSIGN026,STU300,ASSIGN026,2024-04-19T18:27:00+00:00,0.44
SUBSTU300ASSIGN013,STU300,ASSIGN013,2024-01-15T15:40:00+00:00,0.43
SUBSTU301ASSIGN023,STU301,ASSIGN023,2024-03-26T20:51:00+00:00,0.27
SUBSTU301ASSIGN001,STU301,ASSIGN001,2023-10-23T12:25:00+00:00,0.54
SUBSTU302ASSIGN025,STU302,ASSIGN025,2024-04-10T12:00:00+00:00,0.24
SUBSTU302ASSIGN009,STU302,ASSIGN009,2023-12-18T16:43:00+00:00,0.29
SUBSTU303ASSIGN027,STU303,ASSIGN027,2024-04-22T19:43:00+00:00,0.58
SUBSTU303ASSIGN043,STU303,ASSIGN043,2024-08-15T18:56:00+00:00,0.31
SUBSTU304ASSIGN010,STU304,ASSIGN010,2023-12-30T01:34:00+00:00,0.54
SUBSTU304ASSIGN007,STU304,ASSIGN007,2023-12-08T09:20:00+00:00,0.41
SUBSTU305ASSIGN032,STU305,ASSIGN032,2024-05-31T11:20:00+00:00,0.5
SUBSTU305ASSIGN039,STU305,ASSIGN039,2024-07-17T13:02:00+00:00,0.46
SUBSTU306ASSIGN047,STU306,ASSIGN047,2024-09-13T10:53:00+00:00,0.46
SUBSTU306ASSIGN020,STU306,ASSIGN020,2024-03-07T20:58:00+00:00,0.31
SUBSTU307ASSIGN013,STU307,ASSIGN013,2024-01-16T16:10:00+00:00,0.55
SUBSTU307ASSIGN036,STU307,ASSIGN036,2024-06-28T17:36:00+00:00,0.58
SUBSTU308ASSIGN012,STU308,ASSIGN012,2024-01-12T09:57:00+00:00,0.35
SUBSTU308ASSIGN024,STU308,ASSIGN024,2024-04-01T15:40:00+00:00,0.3
SUBSTU309ASSIGN013,STU309,ASSIGN013,2024-01-19T16:13:00+00:00,0.23
SUBSTU309ASSIGN003,STU309,ASSIGN003,2023-11-10T20:29:00+00:00,0.54
SUBSTU310ASSIGN034,STU310,ASSIGN034,2024-06-12T08:57:00+00:00,0.35
SUBSTU310ASSIGN032,STU310,ASSIGN032,2024-05-31T17:06:00+00:00,0.35
SUBSTU311ASSIGN030,STU311,ASSIGN030,2024-05-17T21:19:00+00:00,0.57
SUBSTU311ASSIGN050,STU311,ASSIGN050,2024-10-03T17:10:00+00:00,0.4
SUBSTU312ASSIGN030,STU312,ASSIGN030,2024-05-16T17:09:00+00:00,0.49
SUBSTU312ASSIGN026,STU312,ASSIGN026,2024-04-19T19:27:00+00:00,0.58
SUBSTU313ASSIGN024,STU313,ASSIGN024,2024-04-03T20:39:00+00:00,0.43
SUBSTU313ASSIGN016,STU313,ASSIGN016,2024-02-06T21:24:00+00:00,0.35
SUBSTU314ASSIGN047,STU314,ASSIGN047,2024-09-12T21:02:00+00:00,0.58
SUBSTU314ASSIGN039,STU314,ASSIGN039,2024-07-14T22:42:00+00:00,0.28
SUBSTU315ASSIGN018,STU315,ASSIGN018,2024-02-18T14:02:00+00:00,0.34
SUBSTU315ASSIGN009,STU315,ASSIGN009,2023-12-19T08:45:00+00:00,0.41
SUBSTU316ASSIGN001,STU316,ASSIGN001,2023-10-24T18:27:00+00:00,0.4
SUBSTU316ASSIGN037,STU316,ASSIGN037,2024-07-02T14:19:00+00:00,0.5
SUBSTU317ASSIGN039,STU317,ASSIGN039,2024-07-16T20:40:00+00:00,0.43
SUBSTU317ASSIGN010,STU317,ASSIGN010,2023-12-27T18:18:00+00:00,0.54
SUBSTU318ASSIGN012,STU318,ASSIGN012,2024-01-08T08:27:00+00:00,0.38
SUBSTU318ASSIGN008,STU318,ASSIGN008,2023-12-12T12:39:00+00:00,0.3
SUBSTU319ASSIGN050,STU319,ASSIGN050,2024-10-03T12:03:00+00:00,0.31
SUBSTU319ASSIGN046,STU319,ASSIGN046,2024-09-04T12:10:00+00:00,0.57
SUBSTU320ASSIGN019,STU320,ASSIGN019,2024-03-01T17:02:00+00:00,0.46
SUBSTU320ASSIGN004,STU320,ASSIGN004,2023-11-16T14:40:00+00:00,0.3
SUBSTU321ASSIGN011,STU321,ASSIGN011,2023-12-31T18:16:00+00:00,0.51
SUBSTU321ASSIGN027,STU321,ASSIGN027,2024-04-23T15:17:00+00:00,0.49
SUBSTU322ASSIGN004,STU322,ASSIGN004,2023-11-16T22:05:00+00:00,0.29
SUBSTU322ASSIGN029,STU322,ASSIGN029,2024-05-08T15:42:00+00:00,0.24
SUBSTU323ASSIGN044,STU323,ASSIGN044,2024-08-19T02:13:00+00:00,0.46
SUBSTU323ASSIGN002,STU323,ASSIGN002,2023-11-03T12:09:00+00:00,0.4
SUBSTU324ASSIGN034,STU324,ASSIGN034,2024-06-10T12:50:00+00:00,0.57
SUBSTU324ASSIGN023,STU324,ASSIGN023,2024-03-24T20:34:00+00:00,0.49
SUBSTU325ASSIGN029,STU325,ASSIGN029,2024-05-09T17:35:00+00:00,0.33
SUBSTU325ASSIGN006,STU325,ASSIGN006,2023-11-27T20:22:00+00:00,0.53
SUBSTU326ASSIGN043,STU326,ASSIGN043,2024-08-16T14:00:00+00:00,0.37
SUBSTU326ASSIGN018,STU326,ASSIGN018,2024-02-22T23:43:00+00:00,0.3
SUBSTU327ASSIGN044,STU327,ASSIGN044,2024-08-24T01:00:00+00:00,0.81
SUBSTU327ASSIGN042,STU327,ASSIGN042,2024-08-07T14:37:00+00:00,0.46
SUBSTU328ASSIGN011,STU328,ASSIGN011,2024-01-05T08:51:00+00:00,0.48
SUBSTU328ASSIGN042,STU328,ASSIGN042,2024-08-07T19:39:00+00:00,0.55
SUBSTU329ASSIGN010,STU329,ASSIGN010,2023-12-27T23:47:00+00:00,0.38
SUBSTU329ASSIGN015,STU329,ASSIGN015,2024-02-01T22:40:00+00:00,0.36
SUBSTU330ASSIGN021,STU330,ASSIGN021,2024-03-11T14:39:00+00:00,0.39
SUBSTU330ASSIGN027,STU330,ASSIGN027,2024-04-21T17:30:00+00:00,0.77
SUBSTU331ASSIGN042,STU331,ASSIGN042,2024-08-09T20:11:00+00:00,0.53
SUBSTU331ASSIGN003,STU331,ASSIGN003,2023-11-09T02:19:00+00:00,0.83
SUBSTU332ASSIGN024,STU332,ASSIGN024,2024-04-06T01:43:00+00:00,0.46
SUBSTU332ASSIGN021,STU332,ASSIGN021,2024-03-10T09:14:00+00:00,0.21
SUBSTU333ASSIGN010,STU333,ASSIGN010,2023-12-29T14:04:00+00:00,0.49
SUBSTU333ASSIGN031,STU333,ASSIGN031,2024-05-19T18:33:00+00:00,0.27
SUBSTU334ASSIGN030,STU334,ASSIGN030,2024-05-13T12:05:00+00:00,0.37
SUBSTU334ASSIGN043,STU334,ASSIGN043,2024-08-15T18:16:00+00:00,0.29
SUBSTU335ASSIGN037,STU335,ASSIGN037,2024-06-30T15:25:00+00:00,0.51
SUBSTU335ASSIGN045,STU335,ASSIGN045,2024-08-29T10:57:00+00:00,0.4
SUBSTU336ASSIGN011,STU336,ASSIGN011,2024-01-01T12:09:00+00:00,0.28
SUBSTU336ASSIGN003,STU336,ASSIGN003,2023-11-09T19:48:00+00:00,0.34
SUBSTU337ASSIGN010,STU337,ASSIGN010,2023-12-27T14:00:00+00:00,0.56
SUBSTU337ASSIGN034,STU337,ASSIGN034,2024-06-09T14:21:00+00:00,0.43
SUBSTU338ASSIGN041,STU338,ASSIGN041,2024-07-29T19:44:00+00:00,0.25
SUBSTU338ASSIGN032,STU338,ASSIGN032,2024-05-28T20:01:00+00:00,0.53
SUBSTU339ASSIGN043,STU339,ASSIGN043,2024-08-12T16:00:00+00:00,0.26
SUBSTU339ASSIGN044,STU339,ASSIGN044,2024-08-19T23:06:00+00:00,0.29
SUBSTU340ASSIGN040,STU340,ASSIGN040,2024-07-25T13:56:00+00:00,0.2
SUBSTU340ASSIGN013,STU340,ASSIGN013,2024-01-17T00:10:00+00:00,0.48
SUBSTU341ASSIGN015,STU341,ASSIGN015,2024-01-29T15:19:48+00:00,0.88
SUBSTU341ASSIGN023,STU341,ASSIGN023,2024-03-27T10:58:00+00:00,0.4
SUBSTU342ASSIGN003,STU342,ASSIGN003,2023-11-08T11:07:00+00:00,0.56
SUBSTU342ASSIGN031,STU342,ASSIGN031,2024-05-23T23:40:00+00:00,0.22
SUBSTU343ASSIGN012,STU343,ASSIGN012,2024-01-12T00:59:00+00:00,0.52
SUBSTU343ASSIGN025,STU343,ASSIGN025,2024-04-08T01:15:00+00:00,0.52
SUBSTU344ASSIGN013,STU344,ASSIGN013,2024-01-14T11:22:00+00:00,0.21
SUBSTU344ASSIGN025,STU344,ASSIGN025,2024-04-07T13:19:00+00:00,0.36
SUBSTU345ASSIGN023,STU345,ASSIGN023,2024-03-28T15:35:00+00:00,0.56
SUBSTU345ASSIGN042,STU345,ASSIGN042,2024-08-09T03:07:00+00:00,0.45
SUBSTU346ASSIGN012,STU346,ASSIGN012,2024-01-08T00:49:00+00:00,0.47
SUBSTU346ASSIGN046,STU346,ASSIGN046,2024-09-06T22:50:00+00:00,0.57
SUBSTU347ASSIGN049,STU347,ASSIGN049,2024-09-26T16:48:00+00:00,0.51
SUBSTU347ASSIGN017,STU347,ASSIGN017,2024-02-14T14:50:00+00:00,0.33
SUBSTU348ASSIGN049,STU348,ASSIGN049,2024-09-23T12:57:00+00:00,0.28
SUBSTU348ASSIGN017,STU348,ASSIGN017,2024-02-12T13:12:00+00:00,0.26
SUBSTU349ASSIGN011,STU349,ASSIGN011,2024-01-04T08:34:00+00:00,0.45
SUBSTU349ASSIGN046,STU349,ASSIGN046,2024-09-05T17:58:00+00:00,0.3
SUBSTU350ASSIGN010,STU350,ASSIGN010,2023-12-29T03:19:00+00:00,0.26
SUBSTU350ASSIGN023,STU350,ASSIGN023,2024-03-29T14:17:00+00:00,0.27
SUBSTU351ASSIGN023,STU351,ASSIGN023,2024-03-24T20:52:00+00:00,0.27
SUBSTU351ASSIGN026,STU351,ASSIGN026,2024-04-18T19:31:00+00:00,0.28
SUBSTU352ASSIGN042,STU352,ASSIGN042,2024-08-07T16:16:00+00:00,0.53
SUBSTU352ASSIGN004,STU352,ASSIGN004,2023-11-18T00:20:00+00:00,0.55
SUBSTU353ASSIGN016,STU353,ASSIGN016,2024-02-09T11:54:00+00:00,0.41
SUBSTU353ASSIGN005,STU353,ASSIGN005,2023-11-21T21:32:00+00:00,0.47
SUBSTU354ASSIGN032,STU354,ASSIGN032,2024-05-26T16:03:00+00:00,0.2
SUBSTU354ASSIGN018,STU354,ASSIGN018,2024-02-23T18:45:00+00:00,0.29
SUBSTU355ASSIGN036,STU355,ASSIGN036,2024-06-24T03:10:00+00:00,0.33
SUBSTU355ASSIGN020,STU355,ASSIGN020,2024-03-03T10:26:00+00:00,0.29
SUBSTU356ASSIGN025,STU356,ASSIGN025,2024-04-10T09:57:00+00:00,0.4
SUBSTU356ASSIGN012,STU356,ASSIGN012,2024-01-09T21:37:00+00:00,0.29
SUBSTU357ASSIGN047,STU357,ASSIGN047,2024-09-13T20:28:00+00:00,0.35
SUBSTU357ASSIGN031,STU357,ASSIGN031,2024-05-21T17:26:00+00:00,0.52
SUBSTU358ASSIGN003,STU358,ASSIGN003,2023-11-07T16:34:00+00:00,0.43
SUBSTU358ASSIGN024,STU358,ASSIGN024,2024-04-01T10:17:00+00:00,0.35
SUBSTU359ASSIGN028,STU359,ASSIGN028,2024-04-30T10:27:00+00:00,0.23
SUBSTU359ASSIGN047,STU359,ASSIGN047,2024-09-13T19:40:00+00:00,0.33
SUBSTU360ASSIGN018,STU360,ASSIGN018,2024-02-22T11:07:00+00:00,0.43
SUBSTU360ASSIGN002,STU360,ASSIGN002,2023-11-01T15:13:00+00:00,0.44
SUBSTU361ASSIGN029,STU361,ASSIGN029,2024-05-08T20:12:00+00:00,0.52
SUBSTU361ASSIGN036,STU361,ASSIGN036,2024-06-24T00:17:00+00:00,0.52
SUBSTU362ASSIGN009,STU362,ASSIGN009,2023-12-19T13:45:00+00:00,0.37
SUBSTU362ASSIGN002,STU362,ASSIGN002,2023-10-30T08:30:00+00:00,0.23
SUBSTU363ASSIGN042,STU363,ASSIGN042,2024-08-04T12:38:00+00:00,0.49
SUBSTU363ASSIGN032,STU363,ASSIGN032,2024-05-26T13:06:00+00:00,0.32
SUBSTU364ASSIGN013,STU364,ASSIGN013,2024-01-15T22:40:00+00:00,0.56
SUBSTU364ASSIGN037,STU364,ASSIGN037,2024-07-04T21:46:00+00:00,0.39
SUBSTU365ASSIGN037,STU365,ASSIGN037,2024-07-03T21:51:00+00:00,0.21
SUBSTU365ASSIGN042,STU365,ASSIGN042,2024-08-09T00:11:00+00:00,0.29
SUBSTU366ASSIGN011,STU366,ASSIGN011,2024-01-04T00:30:00+00:00,0.29
SUBSTU366ASSIGN028,STU366,ASSIGN028,2024-05-02T14:19:00+00:00,0.25
SUBSTU367ASSIGN042,STU367,ASSIGN042,2024-08-09T08:57:00+00:00,0.38
SUBSTU367ASSIGN025,STU367,ASSIGN025,2024-04-10T03:41:00+00:00,0.93
SUBSTU368ASSIGN035,STU368,ASSIGN035,2024-06-20T02:35:00+00:00,0.37
SUBSTU368ASSIGN040,STU368,ASSIGN040,2024-07-22T15:05:00+00:00,0.58
SUBSTU369ASSIGN044,STU369,ASSIGN044,2024-08-23T18:32:00+00:00,0.28
SUBSTU369ASSIGN037,STU369,ASSIGN037,2024-07-04T11:07:00+00:00,0.45
SUBSTU370ASSIGN025,STU370,ASSIGN025,2024-04-09T14:25:00+00:00,0.21
SUBSTU370ASSIGN022,STU370,ASSIGN022,2024-03-22T03:44:00+00:00,0.45
SUBSTU371ASSIGN012,STU371,ASSIGN012,2024-01-07T12:56:00+00:00,0.22
SUBSTU371ASSIGN015,STU371,ASSIGN015,2024-01-29T04:00:00+00:00,0.23
SUBSTU372ASSIGN002,STU372,ASSIGN002,2023-11-01T00:35:00+00:00,0.52
SUBSTU372ASSIGN050,STU372,ASSIGN050,2024-10-01T17:39:00+00:00,0.43
SUBSTU373ASSIGN030,STU373,ASSIGN030,2024-05-15T08:14:00+00:00,0.48
SUBSTU373ASSIGN019,STU373,ASSIGN019,2024-02-25T12:47:00+00:00,0.37
SUBSTU374ASSIGN036,STU374,ASSIGN036,2024-06-26T18:27:00+00:00,0.32
SUBSTU374ASSIGN030,STU374,ASSIGN030,2024-05-17T22:51:00+00:00,0.4
SUBSTU375ASSIGN020,STU375,ASSIGN020,2024-03-06T23:21:00+00:00,0.57
SUBSTU375ASSIGN037,STU375,ASSIGN037,2024-06-30T22:19:00+00:00,0.53
SUBSTU376ASSIGN025,STU376,ASSIGN025,2024-04-10T09:09:00+00:00,0.3
SUBSTU376ASSIGN023,STU376,ASSIGN023,2024-03-26T09:07:00+00:00,0.21
SUBSTU377ASSIGN016,STU377,ASSIGN016,2024-02-06T15:31:00+00:00,0.39
SUBSTU377ASSIGN023,STU377,ASSIGN023,2024-03-24T21:10:00+00:00,0.59
SUBSTU378ASSIGN037,STU378,ASSIGN037,2024-07-04T14:21:00+00:00,0.59
SUBSTU378ASSIGN028,STU378,ASSIGN028,2024-05-01T10:41:00+00:00,0.24
SUBSTU379ASSIGN041,STU379,ASSIGN041,2024-08-02T20:13:00+00:00,0.25
SUBSTU379ASSIGN037,STU379,ASSIGN037,2024-07-05T20:58:00+00:00,0.29
SUBSTU380ASSIGN014,STU380,ASSIGN014,2024-01-26T20:39:00+00:00,0.44
SUBSTU380ASSIGN004,STU380,ASSIGN004,2023-11-17T08:16:00+00:00,0.27
SUBSTU381ASSIGN023,STU381,ASSIGN023,2024-03-26T02:03:00+00:00,0.26
SUBSTU381ASSIGN008,STU381,ASSIGN008,2023-12-13T15:02:00+00:00,0.37
SUBSTU382ASSIGN016,STU382,ASSIGN016,2024-02-06T17:53:00+00:00,0.57
SUBSTU382ASSIGN006,STU382,ASSIGN006,2023-12-01T03:06:00+00:00,0.54
SUBSTU383ASSIGN049,STU383,ASSIGN049,2024-09-26T21:25:00+00:00,0.34
SUBSTU383ASSIGN022,STU383,ASSIGN022,2024-03-19T22:07:00+00:00,0.46
SUBSTU384ASSIGN016,STU384,ASSIGN016,2024-02-06T16:56:00+00:00,0.55
SUBSTU384ASSIGN020,STU384,ASSIGN020,2024-03-05T15:33:00+00:00,0.32
SUBSTU385ASSIGN017,STU385,ASSIGN017,2024-02-13T12:08:00+00:00,0.36
SUBSTU385ASSIGN005,STU385,ASSIGN005,2023-11-23T16:20:00+00:00,0.5
SUBSTU386ASSIGN016,STU386,ASSIGN016,2024-02-06T17:24:00+00:00,0.43
SUBSTU386ASSIGN046,STU386,ASSIGN046,2024-09-03T15:43:00+00:00,0.43
SUBSTU387ASSIGN018,STU387,ASSIGN018,2024-02-20T08:35:00+00:00,0.41
SUBSTU387ASSIGN027,STU387,ASSIGN027,2024-04-27T03:09:00+00:00,0.27
SUBSTU388ASSIGN015,STU388,ASSIGN015,2024-02-01T19:12:00+00:00,0.4
SUBSTU388ASSIGN004,STU388,ASSIGN004,2023-11-14T00:16:00+00:00,0.49
SUBSTU389ASSIGN014,STU389,ASSIGN014,2024-01-27T02:11:00+00:00,0.46
SUBSTU389ASSIGN037,STU389,ASSIGN037,2024-07-05T03:53:00+00:00,0.54
SUBSTU390ASSIGN018,STU390,ASSIGN018,2024-02-19T13:22:00+00:00,0.24
SUBSTU390ASSIGN007,STU390,ASSIGN007,2023-12-04T03:29:00+00:00,0.38
SUBSTU391ASSIGN004,STU391,ASSIGN004,2023-11-13T11:55:00+00:00,0.54
SUBSTU391ASSIGN045,STU391,ASSIGN045,2024-08-26T00:20:00+00:00,0.33
SUBSTU392ASSIGN034,STU392,ASSIGN034,2024-06-10T17:47:00+00:00,0.45
SUBSTU392ASSIGN023,STU392,ASSIGN023,2024-03-27T20:38:00+00:00,0.33
SUBSTU393ASSIGN038,STU393,ASSIGN038,2024-07-08T09:16:00+00:00,0.3
SUBSTU393ASSIGN009,STU393,ASSIGN009,2023-12-17T18:18:00+00:00,0.31
SUBSTU394ASSIGN028,STU394,ASSIGN028,2024-05-01T10:11:00+00:00,0.26
SUBSTU394ASSIGN020,STU394,ASSIGN020,2024-03-07T15:37:00+00:00,0.43
SUBSTU395ASSIGN002,STU395,ASSIGN002,2023-11-03T20:08:00+00:00,0.24
SUBSTU395ASSIGN010,STU395,ASSIGN010,2023-12-24T14:57:00+00:00,0.49
SUBSTU396ASSIGN030,STU396,ASSIGN030,2024-05-15T20:09:00+00:00,0.41
SUBSTU396ASSIGN022,STU396,ASSIGN022,2024-03-21T21:22:00+00:00,0.28
SUBSTU397ASSIGN038,STU397,ASSIGN038,2024-07-13T00:05:00+00:00,0.59
SUBSTU397ASSIGN022,STU397,ASSIGN022,2024-03-21T22:41:00+00:00,0.59
SUBSTU398ASSIGN006,STU398,ASSIGN006,2023-11-30T15:27:00+00:00,0.58
SUBSTU398ASSIGN037,STU398,ASSIGN037,2024-07-02T20:18:00+00:00,0.42
SUBSTU399ASSIGN013,STU399,ASSIGN013,2024-01-19T19:10:00+00:00,0.36
SUBSTU399ASSIGN017,STU399,ASSIGN017,2024-02-12T10:53:00+00:00,0.23
SUBSTU400ASSIGN035,STU400,ASSIGN035,2024-06-18T09:38:00+00:00,0.55
SUBSTU400ASSIGN036,STU400,ASSIGN036,2024-06-25T14:15:00+00:00,0.28
SUBSTU401ASSIGN027,STU401,ASSIGN027,2024-04-21T17:30:10+00:00,0.89
SUBSTU401ASSIGN011,STU401,ASSIGN011,2024-01-01T14:39:00+00:00,0.32
SUBSTU402ASSIGN019,STU402,ASSIGN019,2024-02-27T21:52:00+00:00,0.28
SUBSTU402ASSIGN012,STU402,ASSIGN012,2024-01-07T08:38:00+00:00,0.32
SUBSTU403ASSIGN043,STU403,ASSIGN043,2024-08-17T03:46:00+00:00,0.37
SUBSTU403ASSIGN029,STU403,ASSIGN029,2024-05-10T21:31:00+00:00,0.51
SUBSTU404ASSIGN035,STU404,ASSIGN035,2024-06-17T02:50:00+00:00,0.52
SUBSTU404ASSIGN002,STU404,ASSIGN002,2023-11-03T18:42:00+00:00,0.48
SUBSTU405ASSIGN010,STU405,ASSIGN010,2023-12-26T21:01:00+00:00,0.5
SUBSTU405ASSIGN037,STU405,ASSIGN037,2024-06-30T13:13:00+00:00,0.55
SUBSTU406ASSIGN042,STU406,ASSIGN042,2024-08-10T00:37:00+00:00,0.38
SUBSTU406ASSIGN006,STU406,ASSIGN006,2023-11-28T10:11:00+00:00,0.39
SUBSTU407ASSIGN013,STU407,ASSIGN013,2024-01-16T15:05:00+00:00,0.54
SUBSTU407ASSIGN003,STU407,ASSIGN003,2023-11-05T13:17:00+00:00,0.29
SUBSTU408ASSIGN024,STU408,ASSIGN024,2024-04-01T13:31:00+00:00,0.53
SUBSTU408ASSIGN004,STU408,ASSIGN004,2023-11-16T17:34:00+00:00,0.37
SUBSTU409ASSIGN022,STU409,ASSIGN022,2024-03-20T19:29:00+00:00,0.49
SUBSTU409ASSIGN012,STU409,ASSIGN012,2024-01-08T14:47:00+00:00,0.28
SUBSTU410ASSIGN034,STU410,ASSIGN034,2024-06-13T15:58:00+00:00,0.2
SUBSTU410ASSIGN010,STU410,ASSIGN010,2023-12-24T12:35:00+00:00,0.33
SUBSTU411ASSIGN037,STU411,ASSIGN037,2024-07-01T14:58:00+00:00,0.55
SUBSTU411ASSIGN007,STU411,ASSIGN007,2023-12-04T08:44:00+00:00,0.29
SUBSTU412ASSIGN017,STU412,ASSIGN017,2024-02-14T23:03:00+00:00,0.23
SUBSTU412ASSIGN027,STU412,ASSIGN027,2024-04-26T12:11:00+00:00,0.47
SUBSTU413ASSIGN028,STU413,ASSIGN028,2024-04-30T08:21:00+00:00,0.38
SUBSTU413ASSIGN030,STU413,ASSIGN030,2024-05-15T12:50:00+00:00,0.51
SUBSTU414ASSIGN040,STU414,ASSIGN040,2024-07-23T16:30:00+00:00,0.56
SUBSTU414ASSIGN023,STU414,ASSIGN023,2024-03-24T13:55:00+00:00,0.31
SUBSTU415ASSIGN024,STU415,ASSIGN024,2024-03-31T10:40:00+00:00,0.58
SUBSTU415ASSIGN014,STU415,ASSIGN014,2024-01-22T15:52:00+00:00,0.49
SUBSTU416ASSIGN036,STU416,ASSIGN036,2024-06-26T00:38:00+00:00,0.27
SUBSTU416ASSIGN050,STU416,ASSIGN050,2024-09-29T15:23:00+00:00,0.31
SUBSTU417ASSIGN009,STU417,ASSIGN009,2023-12-19T02:26:00+00:00,0.32
SUBSTU417ASSIGN003,STU417,ASSIGN003,2023-11-06T03:50:00+00:00,0.52
SUBSTU418ASSIGN050,STU418,ASSIGN050,2024-09-29T23:30:00+00:00,0.49
SUBSTU418ASSIGN002,STU418,ASSIGN002,2023-10-30T12:31:00+00:00,0.32
SUBSTU419ASSIGN024,STU419,ASSIGN024,2024-04-03T22:07:00+00:00,0.57
SUBSTU419ASSIGN004,STU419,ASSIGN004,2023-11-15T02:39:00+00:00,0.39
SUBSTU420ASSIGN050,STU420,ASSIGN050,2024-10-03T00:54:00+00:00,0.33
SUBSTU420ASSIGN007,STU420,ASSIGN007,2023-12-05T22:07:00+00:00,0.24
SUBSTU421ASSIGN039,STU421,ASSIGN039,2024-07-16T09:42:00+00:00,0.35
SUBSTU421ASSIGN012,STU421,ASSIGN012,2024-01-13T02:29:00+00:00,0.29
SUBSTU422ASSIGN029,STU422,ASSIGN029,2024-05-11T00:00:00+00:00,0.45
SUBSTU422ASSIGN010,STU422,ASSIGN010,2023-12-27T01:15:00+00:00,0.55
SUBSTU423ASSIGN005,STU423,ASSIGN005,2023-11-20T18:48:00+00:00,0.44
SUBSTU423ASSIGN012,STU423,ASSIGN012,2024-01-11T19:42:00+00:00,0.35
SUBSTU424ASSIGN049,STU424,ASSIGN049,2024-09-24T16:41:00+00:00,0.57
SUBSTU424ASSIGN035,STU424,ASSIGN035,2024-06-21T13:01:00+00:00,0.58
SUBSTU425ASSIGN032,STU425,ASSIGN032,2024-05-31T14:24:00+00:00,0.38
SUBSTU425ASSIGN016,STU425,ASSIGN016,2024-02-04T14:21:00+00:00,0.24
SUBSTU426ASSIGN006,STU426,ASSIGN006,2023-11-27T02:07:00+00:00,0.38
SUBSTU426ASSIGN004,STU426,ASSIGN004,2023-11-16T09:25:00+00:00,0.29
SUBSTU427ASSIGN023,STU427,ASSIGN023,2024-03-28T22:11:00+00:00,0.52
SUBSTU427ASSIGN045,STU427,ASSIGN045,2024-08-30T09:42:00+00:00,0.47
SUBSTU428ASSIGN005,STU428,ASSIGN005,2023-11-20T00:32:00+00:00,0.32
SUBSTU428ASSIGN030,STU428,ASSIGN030,2024-05-12T15:41:00+00:00,0.44
SUBSTU429ASSIGN023,STU429,ASSIGN023,2024-03-28T16:35:00+00:00,0.48
SUBSTU429ASSIGN007,STU429,ASSIGN007,2023-12-04T18:51:00+00:00,0.49
SUBSTU430ASSIGN049,STU430,ASSIGN049,2024-09-25T11:28:00+00:00,0.27
SUBSTU430ASSIGN008,STU430,ASSIGN008,2023-12-12T00:48:00+00:00,0.58
SUBSTU431ASSIGN048,STU431,ASSIGN048,2024-09-16T15:31:00+00:00,0.42
SUBSTU431ASSIGN017,STU431,ASSIGN017,2024-02-12T13:34:00+00:00,0.21
SUBSTU432ASSIGN019,STU432,ASSIGN019,2024-02-26T11:51:00+00:00,0.35
SUBSTU432ASSIGN010,STU432,ASSIGN010,2023-12-27T18:56:00+00:00,0.47
SUBSTU433ASSIGN017,STU433,ASSIGN017,2024-02-16T21:03:00+00:00,0.54
SUBSTU433ASSIGN038,STU433,ASSIGN038,2024-07-08T14:39:00+00:00,0.5
SUBSTU434ASSIGN001,STU434,ASSIGN001,2023-10-26T14:40:00+00:00,0.28
SUBSTU434ASSIGN045,STU434,ASSIGN045,2024-08-27T18:02:00+00:00,0.32
SUBSTU435ASSIGN002,STU435,ASSIGN002,2023-11-03T01:42:00+00:00,0.4
SUBSTU435ASSIGN020,STU435,ASSIGN020,2024-03-08T03:48:00+00:00,0.57
SUBSTU436ASSIGN001,STU436,ASSIGN001,2023-10-25T08:42:00+00:00,0.52
SUBSTU436ASSIGN018,STU436,ASSIGN018,2024-02-18T20:46:00+00:00,0.45
SUBSTU437ASSIGN025,STU437,ASSIGN025,2024-04-11T19:55:00+00:00,0.23
SUBSTU437ASSIGN050,STU437,ASSIGN050,2024-10-01T14:28:00+00:00,0.52
SUBSTU438ASSIGN029,STU438,ASSIGN029,2024-05-07T14:12:00+00:00,0.36
SUBSTU438ASSIGN032,STU438,ASSIGN032,2024-05-31T15:08:00+00:00,0.26
SUBSTU439ASSIGN039,STU439,ASSIGN039,2024-07-16T22:08:00+00:00,0.29
SUBSTU439ASSIGN048,STU439,ASSIGN048,2024-09-16T23:26:00+00:00,0.57
SUBSTU440ASSIGN031,STU440,ASSIGN031,2024-05-20T13:27:00+00:00,0.56
SUBSTU440ASSIGN021,STU440,ASSIGN021,2024-03-14T13:14:00+00:00,0.21
SUBSTU441ASSIGN006,STU441,ASSIGN006,2023-11-29T02:31:00+00:00,0.23
SUBSTU441ASSIGN026,STU441,ASSIGN026,2024-04-18T12:34:00+00:00,0.21
SUBSTU442ASSIGN024,STU442,ASSIGN024,2024-04-05T13:22:00+00:00,0.26
SUBSTU442ASSIGN037,STU442,ASSIGN037,2024-07-02T11:59:00+00:00,0.23
SUBSTU443ASSIGN050,STU443,ASSIGN050,2024-09-30T09:26:00+00:00,0.26
SUBSTU443ASSIGN027,STU443,ASSIGN027,2024-04-23T18:46:00+00:00,0.5
SUBSTU444ASSIGN045,STU444,ASSIGN045,2024-08-28T15:56:00+00:00,0.37
SUBSTU444ASSIGN038,STU444,ASSIGN038,2024-07-10T13:15:00+00:00,0.46
SUBSTU445ASSIGN012,STU445,ASSIGN012,2024-01-12T18:07:00+00:00,0.47
SUBSTU445ASSIGN040,STU445,ASSIGN040,2024-07-22T09:27:00+00:00,0.37
SUBSTU446ASSIGN005,STU446,ASSIGN005,2023-11-24T16:50:00+00:00,0.45
SUBSTU446ASSIGN022,STU446,ASSIGN022,2024-03-18T02:48:00+00:00,0.34
SUBSTU447ASSIGN013,STU447,ASSIGN013,2024-01-19T11:39:00+00:00,0.29
SUBSTU447ASSIGN014,STU447,ASSIGN014,2024-01-26T13:19:20+00:00,0.85
SUBSTU448ASSIGN037,STU448,ASSIGN037,2024-07-01T13:21:00+00:00,0.23
SUBSTU448ASSIGN035,STU448,ASSIGN035,2024-06-21T10:51:00+00:00,0.27
SUBSTU449ASSIGN010,STU449,ASSIGN010,2023-12-25T10:36:00+00:00,0.35
SUBSTU449ASSIGN007,STU449,ASSIGN007,2023-12-06T01:27:00+00:00,0.47
SUBSTU450ASSIGN008,STU450,ASSIGN008,2023-12-13T02:22:00+00:00,0.26
SUBSTU450ASSIGN046,STU450,ASSIGN046,2024-09-05T02:32:00+00:00,0.37
SUBSTU451ASSIGN032,STU451,ASSIGN032,2024-05-28T08:17:00+00:00,0.24
SUBSTU451ASSIGN026,STU451,ASSIGN026,2024-04-18T11:44:00+00:00,0.41
SUBSTU452ASSIGN017,STU452,ASSIGN017,2024-02-15T09:59:00+00:00,0.36
SUBSTU452ASSIGN036,STU452,ASSIGN036,2024-06-25T12:33:00+00:00,0.53
SUBSTU453ASSIGN044,STU453,ASSIGN044,2024-08-18T21:15:00+00:00,0.27
SUBSTU453ASSIGN001,STU453,ASSIGN001,2023-10-27T00:59:00+00:00,0.38
SUBSTU454ASSIGN034,STU454,ASSIGN034,2024-06-10T18:42:00+00:00,0.41
SUBSTU454ASSIGN031,STU454,ASSIGN031,2024-05-24T21:14:00+00:00,0.46
SUBSTU455ASSIGN019,STU455,ASSIGN019,2024-03-01T18:36:00+00:00,0.51
SUBSTU455ASSIGN026,STU455,ASSIGN026,2024-04-14T22:51:00+00:00,0.49
SUBSTU456ASSIGN014,STU456,ASSIGN014,2024-01-26T14:09:00+00:00,0.24
SUBSTU456ASSIGN019,STU456,ASSIGN019,2024-02-26T22:53:00+00:00,0.52
SUBSTU457ASSIGN012,STU457,ASSIGN012,2024-01-08T14:14:00+00:00,0.21
SUBSTU457ASSIGN005,STU457,ASSIGN005,2023-11-24T10:10:00+00:00,0.22
SUBSTU458ASSIGN011,STU458,ASSIGN011,2024-01-03T02:09:00+00:00,0.29
SUBSTU458ASSIGN040,STU458,ASSIGN040,2024-07-21T17:36:00+00:00,0.49
SUBSTU459ASSIGN033,STU459,ASSIGN033,2024-06-07T11:49:00+00:00,0.24
SUBSTU459ASSIGN037,STU459,ASSIGN037,2024-07-04T23:14:00+00:00,0.26
SUBSTU460ASSIGN049,STU460,ASSIGN049,2024-09-26T17:28:00+00:00,0.43
SUBSTU460ASSIGN027,STU460,ASSIGN027,2024-04-25T11:17:00+00:00,0.46
SUBSTU461ASSIGN033,STU461,ASSIGN033,2024-06-03T11:47:00+00:00,0.49
SUBSTU461ASSIGN045,STU461,ASSIGN045,2024-08-25T09:56:00+00:00,0.29
SUBSTU462ASSIGN028,STU462,ASSIGN028,2024-04-28T13:44:00+00:00,0.48
SUBSTU462ASSIGN027,STU462,ASSIGN027,2024-04-21T08:11:00+00:00,0.34
SUBSTU463ASSIGN013,STU463,ASSIGN013,2024-01-16T02:24:00+00:00,0.33
SUBSTU463ASSIGN048,STU463,ASSIGN048,2024-09-19T21:31:00+00:00,0.28
SUBSTU464ASSIGN007,STU464,ASSIGN007,2023-12-05T09:35:00+00:00,0.33
SUBSTU464ASSIGN001,STU464,ASSIGN001,2023-10-23T17:13:00+00:00,0.3
SUBSTU465ASSIGN034,STU465,ASSIGN034,2024-06-13T08:03:00+00:00,0.57
SUBSTU465ASSIGN016,STU465,ASSIGN016,2024-02-08T13:31:00+00:00,0.57
SUBSTU466ASSIGN040,STU466,ASSIGN040,2024-07-27T03:16:00+00:00,0.51
SUBSTU466ASSIGN011,STU466,ASSIGN011,2023-12-31T10:02:00+00:00,0.38
SUBSTU467ASSIGN035,STU467,ASSIGN035,2024-06-19T13:35:00+00:00,0.53
SUBSTU467ASSIGN045,STU467,ASSIGN045,2024-08-28T16:19:00+00:00,0.54
SUBSTU468ASSIGN012,STU468,ASSIGN012,2024-01-09T01:07:00+00:00,0.44
SUBSTU468ASSIGN036,STU468,ASSIGN036,2024-06-26T14:57:00+00:00,0.29
SUBSTU469ASSIGN031,STU469,ASSIGN031,2024-05-24T10:50:00+00:00,0.4
SUBSTU469ASSIGN027,STU469,ASSIGN027,2024-04-26T11:53:00+00:00,0.55
SUBSTU470ASSIGN035,STU470,ASSIGN035,2024-06-19T14:02:00+00:00,0.36
SUBSTU470ASSIGN049,STU470,ASSIGN049,2024-09-22T16:27:00+00:00,0.37
SUBSTU471ASSIGN020,STU471,ASSIGN020,2024-03-03T08:01:00+00:00,0.59
SUBSTU471ASSIGN050,STU471,ASSIGN050,2024-09-30T13:17:00+00:00,0.47
SUBSTU472ASSIGN011,STU472,ASSIGN011,2024-01-01T13:12:00+00:00,0.24
SUBSTU472ASSIGN013,STU472,ASSIGN013,2024-01-19T01:20:00+00:00,0.49
SUBSTU473ASSIGN015,STU473,ASSIGN015,2024-01-29T23:44:00+00:00,0.49
SUBSTU473ASSIGN023,STU473,ASSIGN023,2024-03-29T10:09:00+00:00,0.41
SUBSTU474ASSIGN021,STU474,ASSIGN021,2024-03-15T08:40:00+00:00,0.36
SUBSTU474ASSIGN046,STU474,ASSIGN046,2024-09-05T00:49:00+00:00,0.35
SUBSTU475ASSIGN042,STU475,ASSIGN042,2024-08-07T20:38:00+00:00,0.53
SUBSTU475ASSIGN003,STU475,ASSIGN003,2023-11-06T08:12:00+00:00,0.45
SUBSTU476ASSIGN035,STU476,ASSIGN035,2024-06-16T17:05:00+00:00,0.3
SUBSTU476ASSIGN034,STU476,ASSIGN034,2024-06-09T12:20:00+00:00,0.39
SUBSTU477ASSIGN029,STU477,ASSIGN029,2024-05-05T23:43:00+00:00,0.57
SUBSTU477ASSIGN027,STU477,ASSIGN027,2024-04-26T11:46:00+00:00,0.34
SUBSTU478ASSIGN038,STU478,ASSIGN038,2024-07-12T02:12:00+00:00,0.46
SUBSTU478ASSIGN027,STU478,ASSIGN027,2024-04-25T18:12:00+00:00,0.34
SUBSTU479ASSIGN032,STU479,ASSIGN032,2024-05-31T08:34:00+00:00,0.6
SUBSTU479ASSIGN012,STU479,ASSIGN012,2024-01-12T13:08:00+00:00,0.48
SUBSTU480ASSIGN025,STU480,ASSIGN025,2024-04-12T21:37:00+00:00,0.41
SUBSTU480ASSIGN024,STU480,ASSIGN024,2024-04-01T20:04:00+00:00,0.43
SUBSTU481ASSIGN007,STU481,ASSIGN007,2023-12-05T23:17:00+00:00,0.28
SUBSTU481ASSIGN009,STU481,ASSIGN009,2023-12-22T01:18:00+00:00,0.44
SUBSTU482ASSIGN011,STU482,ASSIGN011,2024-01-02T15:37:00+00:00,0.44
SUBSTU482ASSIGN022,STU482,ASSIGN022,2024-03-22T22:51:00+00:00,0.45
SUBSTU483ASSIGN001,STU483,ASSIGN001,2023-10-25T18:10:00+00:00,0.55
SUBSTU483ASSIGN049,STU483,ASSIGN049,2024-09-26T08:46:00+00:00,0.38
SUBSTU484ASSIGN041,STU484,ASSIGN041,2024-07-29T22:03:00+00:00,0.37
SUBSTU484ASSIGN031,STU484,ASSIGN031,2024-05-21T10:08:00+00:00,0.51
SUBSTU485ASSIGN037,STU485,ASSIGN037,2024-07-04T00:32:00+00:00,0.21
SUBSTU485ASSIGN040,STU485,ASSIGN040,2024-07-22T02:53:00+00:00,0.51
SUBSTU486ASSIGN030,STU486,ASSIGN030,2024-05-18T00:59:00+00:00,0.3
SUBSTU486ASSIGN020,STU486,ASSIGN020,2024-03-06T03:29:00+00:00,0.31
SUBSTU487ASSIGN018,STU487,ASSIGN018,2024-02-22T14:36:00+00:00,0.52
SUBSTU487ASSIGN005,STU487,ASSIGN005,2023-11-23T18:19:00+00:00,0.25
SUBSTU488ASSIGN030,STU488,ASSIGN030,2024-05-14T23:38:00+00:00,0.41
SUBSTU488ASSIGN016,STU488,ASSIGN016,2024-02-09T19:43:00+00:00,0.28
SUBSTU489ASSIGN047,STU489,ASSIGN047,2024-09-13T02:12:00+00:00,0.24
SUBSTU489ASSIGN038,STU489,ASSIGN038,2024-07-10T17:59:00+00:00,0.51
SUBSTU490ASSIGN035,STU490,ASSIGN035,2024-06-18T17:53:00+00:00,0.33
SUBSTU490ASSIGN002,STU490,ASSIGN002,2023-11-02T13:41:00+00:00,0.47
SUBSTU491ASSIGN033,STU491,ASSIGN033,2024-06-02T19:09:00+00:00,0.59
SUBSTU491ASSIGN026,STU491,ASSIGN026,2024-04-14T09:04:00+00:00,0.27
SUBSTU492ASSIGN009,STU492,ASSIGN009,2023-12-17T21:32:00+00:00,0.36
SUBSTU492ASSIGN030,STU492,ASSIGN030,2024-05-16T10:05:00+00:00,0.21
SUBSTU493ASSIGN035,STU493,ASSIGN035,2024-06-19T02:14:00+00:00,0.53
SUBSTU493ASSIGN012,STU493,ASSIGN012,2024-01-10T01:45:00+00:00,0.24
SUBSTU494ASSIGN015,STU494,ASSIGN015,2024-02-02T02:25:00+00:00,0.43
SUBSTU494ASSIGN001,STU494,ASSIGN001,2023-10-23T09:24:00+00:00,0.33
SUBSTU495ASSIGN020,STU495,ASSIGN020,2024-03-08T02:48:00+00:00,0.29
SUBSTU495ASSIGN043,STU495,ASSIGN043,2024-08-16T00:10:00+00:00,0.3
SUBSTU496ASSIGN048,STU496,ASSIGN048,2024-09-19T19:51:00+00:00,0.37
SUBSTU496ASSIGN007,STU496,ASSIGN007,2023-12-04T08:29:00+00:00,0.26
SUBSTU497ASSIGN029,STU497,ASSIGN029,2024-05-05T09:36:00+00:00,0.2
SUBSTU497ASSIGN024,STU497,ASSIGN024,2024-03-31T19:46:00+00:00,0.49
SUBSTU498ASSIGN049,STU498,ASSIGN049,2024-09-25T11:28:00+00:00,0.44
SUBSTU498ASSIGN044,STU498,ASSIGN044,2024-08-22T20:08:00+00:00,0.46
SUBSTU499ASSIGN002,STU499,ASSIGN002,2023-11-01T17:59:00+00:00,0.24
SUBSTU499ASSIGN023,STU499,ASSIGN023,2024-03-27T03:17:00+00:00,0.28
SUBSTU500ASSIGN029,STU500,ASSIGN029,2024-05-10T18:02:00+00:00,0.37
SUBSTU500ASSIGN035,STU500,ASSIGN035,2024-06-20T09:46:00+00:00,0.4
SUBSTU501ASSIGN031,STU501,ASSIGN031,2024-05-19T12:02:00+00:00,0.41
SUBSTU501ASSIGN047,STU501,ASSIGN047,2024-09-09T22:08:00+00:00,0.55
SUBSTU502ASSIGN003,STU502,ASSIGN003,2023-11-05T14:57:00+00:00,0.37
SUBSTU502ASSIGN002,STU502,ASSIGN002,2023-11-03T12:11:00+00:00,0.22
SUBSTU503ASSIGN018,STU503,ASSIGN018,2024-02-20T16:36:00+00:00,0.25
SUBSTU503ASSIGN019,STU503,ASSIGN019,2024-02-29T09:28:00+00:00,0.36
SUBSTU504ASSIGN018,STU504,ASSIGN018,2024-02-20T22:24:00+00:00,0.42
SUBSTU504ASSIGN043,STU504,ASSIGN043,2024-08-14T20:46:00+00:00,0.27
SUBSTU505ASSIGN003,STU505,ASSIGN003,2023-11-06T12:18:00+00:00,0.25
SUBSTU505ASSIGN025,STU505,ASSIGN025,2024-04-09T22:53:00+00:00,0.55
SUBSTU506ASSIGN009,STU506,ASSIGN009,2023-12-20T14:05:00+00:00,0.27
SUBSTU506ASSIGN021,STU506,ASSIGN021,2024-03-11T12:15:00+00:00,0.44
SUBSTU507ASSIGN022,STU507,ASSIGN022,2024-03-18T18:03:00+00:00,0.38
SUBSTU507ASSIGN016,STU507,ASSIGN016,2024-02-04T16:49:00+00:00,0.4
SUBSTU508ASSIGN031,STU508,ASSIGN031,2024-05-22T02:28:00+00:00,0.32
SUBSTU508ASSIGN025,STU508,ASSIGN025,2024-04-09T20:42:00+00:00,0.44
SUBSTU509ASSIGN039,STU509,ASSIGN039,2024-07-16T13:49:00+00:00,0.24
SUBSTU509ASSIGN028,STU509,ASSIGN028,2024-04-30T02:14:00+00:00,0.29
SUBSTU510ASSIGN001,STU510,ASSIGN001,2023-10-22T12:40:00+00:00,0.31
SUBSTU510ASSIGN032,STU510,ASSIGN032,2024-05-31T19:52:00+00:00,0.29
SUBSTU511ASSIGN011,STU511,ASSIGN011,2024-01-04T09:55:00+00:00,0.2
SUBSTU511ASSIGN045,STU511,ASSIGN045,2024-08-26T21:27:00+00:00,0.25
SUBSTU512ASSIGN012,STU512,ASSIGN012,2024-01-08T00:07:00+00:00,0.29
SUBSTU512ASSIGN006,STU512,ASSIGN006,2023-12-01T12:53:00+00:00,0.45
SUBSTU513ASSIGN030,STU513,ASSIGN030,2024-05-13T22:31:00+00:00,0.51
SUBSTU513ASSIGN032,STU513,ASSIGN032,2024-05-31T02:37:00+00:00,0.49
SUBSTU514ASSIGN040,STU514,ASSIGN040,2024-07-25T18:57:00+00:00,0.48
SUBSTU514ASSIGN023,STU514,ASSIGN023,2024-03-27T02:54:00+00:00,0.33
SUBSTU515ASSIGN012,STU515,ASSIGN012,2024-01-12T18:25:00+00:00,0.27
SUBSTU515ASSIGN038,STU515,ASSIGN038,2024-07-09T12:46:00+00:00,0.49
SUBSTU516ASSIGN021,STU516,ASSIGN021,2024-03-13T11:56:00+00:00,0.59
SUBSTU516ASSIGN007,STU516,ASSIGN007,2023-12-06T00:41:00+00:00,0.35
SUBSTU517ASSIGN006,STU517,ASSIGN006,2023-11-26T09:52:00+00:00,0.33
SUBSTU517ASSIGN029,STU517,ASSIGN029,2024-05-06T02:03:00+00:00,0.54
SUBSTU518ASSIGN004,STU518,ASSIGN004,2023-11-14T11:09:00+00:00,0.3
SUBSTU518ASSIGN024,STU518,ASSIGN024,2024-04-03T18:29:00+00:00,0.31
SUBSTU519ASSIGN015,STU519,ASSIGN015,2024-01-30T15:19:00+00:00,0.34
SUBSTU519ASSIGN049,STU519,ASSIGN049,2024-09-23T18:09:00+00:00,0.38
SUBSTU520ASSIGN034,STU520,ASSIGN034,2024-06-14T18:05:00+00:00,0.24
SUBSTU520ASSIGN047,STU520,ASSIGN047,2024-09-11T12:03:00+00:00,0.34
SUBSTU521ASSIGN020,STU521,ASSIGN020,2024-03-07T23:40:00+00:00,0.28
SUBSTU521ASSIGN045,STU521,ASSIGN045,2024-08-27T14:56:00+00:00,0.21
SUBSTU522ASSIGN015,STU522,ASSIGN015,2024-02-02T02:14:00+00:00,0.21
SUBSTU522ASSIGN032,STU522,ASSIGN032,2024-05-27T12:15:00+00:00,0.41
SUBSTU523ASSIGN027,STU523,ASSIGN027,2024-04-21T14:51:00+00:00,0.3
SUBSTU523ASSIGN006,STU523,ASSIGN006,2023-12-02T01:47:00+00:00,0.57
SUBSTU524ASSIGN012,STU524,ASSIGN012,2024-01-08T01:30:00+00:00,0.39
SUBSTU524ASSIGN028,STU524,ASSIGN028,2024-05-02T13:58:00+00:00,0.52
SUBSTU525ASSIGN036,STU525,ASSIGN036,2024-06-25T13:56:00+00:00,0.39
SUBSTU525ASSIGN005,STU525,ASSIGN005,2023-11-22T14:42:00+00:00,0.2
SUBSTU526ASSIGN036,STU526,ASSIGN036,2024-06-24T18:47:00+00:00,0.47
SUBSTU526ASSIGN028,STU526,ASSIGN028,2024-04-30T14:11:00+00:00,0.25
SUBSTU527ASSIGN045,STU527,ASSIGN045,2024-08-28T19:09:00+00:00,0.53
SUBSTU527ASSIGN020,STU527,ASSIGN020,2024-03-04T19:10:00+00:00,0.49
SUBSTU528ASSIGN031,STU528,ASSIGN031,2024-05-19T11:27:00+00:00,0.4
SUBSTU528ASSIGN033,STU528,ASSIGN033,2024-06-02T20:09:00+00:00,0.37
SUBSTU529ASSIGN031,STU529,ASSIGN031,2024-05-21T17:31:00+00:00,0.55
SUBSTU529ASSIGN013,STU529,ASSIGN013,2024-01-17T10:59:00+00:00,0.49
SUBSTU530ASSIGN029,STU530,ASSIGN029,2024-05-08T13:32:00+00:00,0.44
SUBSTU530ASSIGN048,STU530,ASSIGN048,2024-09-18T10:13:00+00:00,0.59
SUBSTU531ASSIGN015,STU531,ASSIGN015,2024-01-31T12:39:00+00:00,0.44
SUBSTU531ASSIGN014,STU531,ASSIGN014,2024-01-25T16:46:00+00:00,0.56
SUBSTU532ASSIGN041,STU532,ASSIGN041,2024-07-30T19:39:00+00:00,0.22
SUBSTU532ASSIGN028,STU532,ASSIGN028,2024-05-03T03:37:00+00:00,0.43
SUBSTU533ASSIGN002,STU533,ASSIGN002,2023-10-29T11:49:00+00:00,0.22
SUBSTU533ASSIGN045,STU533,ASSIGN045,2024-08-30T02:54:00+00:00,0.34
SUBSTU534ASSIGN015,STU534,ASSIGN015,2024-01-29T02:08:00+00:00,0.56
SUBSTU534ASSIGN037,STU534,ASSIGN037,2024-07-05T19:37:00+00:00,0.27
SUBSTU535ASSIGN046,STU535,ASSIGN046,2024-09-05T21:58:00+00:00,0.47
SUBSTU535ASSIGN006,STU535,ASSIGN006,2023-11-28T17:48:00+00:00,0.27
SUBSTU536ASSIGN019,STU536,ASSIGN019,2024-02-28T01:33:00+00:00,0.51
SUBSTU536ASSIGN025,STU536,ASSIGN025,2024-04-09T23:37:00+00:00,0.43
SUBSTU537ASSIGN029,STU537,ASSIGN029,2024-05-09T20:39:00+00:00,0.53
SUBSTU537ASSIGN011,STU537,ASSIGN011,2024-01-03T19:12:00+00:00,0.45
SUBSTU538ASSIGN037,STU538,ASSIGN037,2024-07-04T12:18:00+00:00,0.58
SUBSTU538ASSIGN023,STU538,ASSIGN023,2024-03-29T11:47:00+00:00,0.54
SUBSTU539ASSIGN004,STU539,ASSIGN004,2023-11-13T10:26:00+00:00,0.38
SUBSTU539ASSIGN012,STU539,ASSIGN012,2024-01-11T23:47:00+00:00,0.82
SUBSTU540ASSIGN039,STU540,ASSIGN039,2024-07-19T10:31:00+00:00,0.53
SUBSTU540ASSIGN043,STU540,ASSIGN043,2024-08-14T02:03:00+00:00,0.42
SUBSTU541ASSIGN041,STU541,ASSIGN041,2024-07-31T10:47:00+00:00,0.38
SUBSTU541ASSIGN039,STU541,ASSIGN039,2024-07-17T03:49:00+00:00,0.41
SUBSTU542ASSIGN017,STU542,ASSIGN017,2024-02-11T17:04:00+00:00,0.52
SUBSTU542ASSIGN022,STU542,ASSIGN022,2024-03-18T22:31:00+00:00,0.4
SUBSTU543ASSIGN011,STU543,ASSIGN011,2024-01-04T01:51:00+00:00,0.24
SUBSTU543ASSIGN034,STU543,ASSIGN034,2024-06-10T15:25:00+00:00,0.46
SUBSTU544ASSIGN014,STU544,ASSIGN014,2024-01-26T13:19:30+00:00,0.87
SUBSTU544ASSIGN034,STU544,ASSIGN034,2024-06-13T11:53:00+00:00,0.51
SUBSTU545ASSIGN037,STU545,ASSIGN037,2024-07-05T00:46:00+00:00,0.53
SUBSTU545ASSIGN016,STU545,ASSIGN016,2024-02-04T17:23:00+00:00,0.58
SUBSTU546ASSIGN022,STU546,ASSIGN022,2024-03-17T08:46:00+00:00,0.5
SUBSTU546ASSIGN037,STU546,ASSIGN037,2024-07-05T03:33:00+00:00,0.45
SUBSTU547ASSIGN011,STU547,ASSIGN011,2024-01-03T23:58:00+00:00,0.43
SUBSTU547ASSIGN007,STU547,ASSIGN007,2023-12-05T18:46:00+00:00,0.26
SUBSTU548ASSIGN028,STU548,ASSIGN028,2024-04-29T15:32:00+00:00,0.53
SUBSTU548ASSIGN038,STU548,ASSIGN038,2024-07-09T11:03:00+00:00,0.45
SUBSTU549ASSIGN043,STU549,ASSIGN043,2024-08-17T01:13:00+00:00,0.42
SUBSTU549ASSIGN021,STU549,ASSIGN021,2024-03-10T23:51:00+00:00,0.58
SUBSTU550ASSIGN001,STU550,ASSIGN001,2023-10-27T18:52:00+00:00,0.28
SUBSTU550ASSIGN050,STU550,ASSIGN050,2024-10-04T21:28:00+00:00,0.21
SUBSTU551ASSIGN048,STU551,ASSIGN048,2024-09-16T03:38:00+00:00,0.3
SUBSTU551ASSIGN008,STU551,ASSIGN008,2023-12-14T10:43:00+00:00,0.2
SUBSTU552ASSIGN035,STU552,ASSIGN035,2024-06-21T00:11:00+00:00,0.32
SUBSTU552ASSIGN009,STU552,ASSIGN009,2023-12-22T18:45:00+00:00,0.34
SUBSTU553ASSIGN016,STU553,ASSIGN016,2024-02-07T09:26:00+00:00,0.43
SUBSTU553ASSIGN047,STU553,ASSIGN047,2024-09-14T02:07:00+00:00,0.33
SUBSTU554ASSIGN035,STU554,ASSIGN035,2024-06-20T12:11:00+00:00,0.22
SUBSTU554ASSIGN007,STU554,ASSIGN007,2023-12-05T10:04:00+00:00,0.55
SUBSTU555ASSIGN020,STU555,ASSIGN020,2024-03-08T23:44:00+00:00,0.28
SUBSTU555ASSIGN014,STU555,ASSIGN014,2024-01-21T19:42:00+00:00,0.57
SUBSTU556ASSIGN034,STU556,ASSIGN034,2024-06-10T20:56:00+00:00,0.5
SUBSTU556ASSIGN032,STU556,ASSIGN032,2024-05-27T23:00:00+00:00,0.23
SUBSTU557ASSIGN045,STU557,ASSIGN045,2024-08-29T21:41:00+00:00,0.43
SUBSTU557ASSIGN023,STU557,ASSIGN023,2024-03-25T20:03:00+00:00,0.3
SUBSTU558ASSIGN040,STU558,ASSIGN040,2024-07-26T08:14:00+00:00,0.45
SUBSTU558ASSIGN004,STU558,ASSIGN004,2023-11-16T18:58:00+00:00,0.59
SUBSTU559ASSIGN049,STU559,ASSIGN049,2024-09-22T20:31:00+00:00,0.45
SUBSTU559ASSIGN028,STU559,ASSIGN028,2024-04-30T23:22:00+00:00,0.47
SUBSTU560ASSIGN006,STU560,ASSIGN006,2023-11-28T21:10:00+00:00,0.53
SUBSTU560ASSIGN042,STU560,ASSIGN042,2024-08-06T03:57:00+00:00,0.39
SUBSTU561ASSIGN012,STU561,ASSIGN012,2024-01-09T11:56:00+00:00,0.24
SUBSTU561ASSIGN023,STU561,ASSIGN023,2024-03-26T16:24:00+00:00,0.36
SUBSTU562ASSIGN044,STU562,ASSIGN044,2024-08-18T12:34:00+00:00,0.54
SUBSTU562ASSIGN040,STU562,ASSIGN040,2024-07-23T00:05:00+00:00,0.39
SUBSTU563ASSIGN030,STU563,ASSIGN030,2024-05-14T02:35:00+00:00,0.44
SUBSTU563ASSIGN002,STU563,ASSIGN002,2023-11-03T20:54:00+00:00,0.36
SUBSTU564ASSIGN022,STU564,ASSIGN022,2024-03-19T14:02:00+00:00,0.41
SUBSTU564ASSIGN016,STU564,ASSIGN016,2024-02-07T16:42:00+00:00,0.3
SUBSTU565ASSIGN046,STU565,ASSIGN046,2024-09-04T10:36:00+00:00,0.21
SUBSTU565ASSIGN044,STU565,ASSIGN044,2024-08-18T23:45:00+00:00,0.58
SUBSTU566ASSIGN021,STU566,ASSIGN021,2024-03-11T19:25:00+00:00,0.41
SUBSTU566ASSIGN041,STU566,ASSIGN041,2024-08-02T18:13:00+00:00,0.36
SUBSTU567ASSIGN017,STU567,ASSIGN017,2024-02-13T12:14:00+00:00,0.21
SUBSTU567ASSIGN003,STU567,ASSIGN003,2023-11-11T03:07:00+00:00,0.42
SUBSTU568ASSIGN009,STU568,ASSIGN009,2023-12-18T08:16:00+00:00,0.31
SUBSTU568ASSIGN032,STU568,ASSIGN032,2024-05-29T22:19:00+00:00,0.28
SUBSTU569ASSIGN009,STU569,ASSIGN009,2023-12-17T16:59:00+00:00,0.45
SUBSTU569ASSIGN033,STU569,ASSIGN033,2024-06-07T17:14:00+00:00,0.38
SUBSTU570ASSIGN034,STU570,ASSIGN034,2024-06-13T15:50:00+00:00,0.44
SUBSTU570ASSIGN049,STU570,ASSIGN049,2024-09-23T08:44:00+00:00,0.43
SUBSTU571ASSIGN037,STU571,ASSIGN037,2024-07-04T00:54:00+00:00,0.36
SUBSTU571ASSIGN003,STU571,ASSIGN003,2023-11-10T08:07:00+00:00,0.43
SUBSTU572ASSIGN012,STU572,ASSIGN012,2024-01-11T23:47:10+00:00,0.84
SUBSTU572ASSIGN033,STU572,ASSIGN033,2024-06-06T23:30:00+00:00,0.51
SUBSTU573ASSIGN021,STU573,ASSIGN021,2024-03-12T11:49:00+00:00,0.54
SUBSTU573ASSIGN049,STU573,ASSIGN049,2024-09-23T19:13:00+00:00,0.42
SUBSTU574ASSIGN030,STU574,ASSIGN030,2024-05-15T12:12:00+00:00,0.38
SUBSTU574ASSIGN009,STU574,ASSIGN009,2023-12-18T08:43:00+00:00,0.46
SUBSTU575ASSIGN028,STU575,ASSIGN028,2024-05-02T12:05:00+00:00,0.52
SUBSTU575ASSIGN036,STU575,ASSIGN036,2024-06-26T17:14:00+00:00,0.51
SUBSTU576ASSIGN050,STU576,ASSIGN050,2024-09-30T18:24:00+00:00,0.58
SUBSTU576ASSIGN003,STU576,ASSIGN003,2023-11-10T01:11:00+00:00,0.5
SUBSTU577ASSIGN005,STU577,ASSIGN005,2023-11-22T15:00:00+00:00,0.42
SUBSTU577ASSIGN033,STU577,ASSIGN033,2024-06-05T20:15:00+00:00,0.58
SUBSTU578ASSIGN015,STU578,ASSIGN015,2024-01-29T15:19:00+00:00,0.86
SUBSTU578ASSIGN047,STU578,ASSIGN047,2024-09-11T23:20:00+00:00,0.21
SUBSTU579ASSIGN017,STU579,ASSIGN017,2024-02-12T08:17:00+00:00,0.44
SUBSTU579ASSIGN007,STU579,ASSIGN007,2023-12-07T11:50:00+00:00,0.58
SUBSTU580ASSIGN023,STU580,ASSIGN023,2024-03-28T22:18:00+00:00,0.59
SUBSTU580ASSIGN013,STU580,ASSIGN013,2024-01-16T02:36:00+00:00,0.25
SUBSTU581ASSIGN009,STU581,ASSIGN009,2023-12-19T13:41:00+00:00,0.59
SUBSTU581ASSIGN023,STU581,ASSIGN023,2024-03-26T10:18:00+00:00,0.46
SUBSTU582ASSIGN011,STU582,ASSIGN011,2023-12-31T09:11:00+00:00,0.49
SUBSTU582ASSIGN015,STU582,ASSIGN015,2024-01-30T23:22:00+00:00,0.38
SUBSTU583ASSIGN001,STU583,ASSIGN001,2023-10-24T10:15:00+00:00,0.21
SUBSTU583ASSIGN018,STU583,ASSIGN018,2024-02-24T00:53:00+00:00,0.48
SUBSTU584ASSIGN046,STU584,ASSIGN046,2024-09-02T03:17:00+00:00,0.29
SUBSTU584ASSIGN018,STU584,ASSIGN018,2024-02-20T20:40:00+00:00,0.6
SUBSTU585ASSIGN016,STU585,ASSIGN016,2024-02-09T10:34:00+00:00,0.22
SUBSTU585ASSIGN036,STU585,ASSIGN036,2024-06-26T18:33:00+00:00,0.24
SUBSTU586ASSIGN041,STU586,ASSIGN041,2024-07-29T17:27:00+00:00,0.42
SUBSTU586ASSIGN010,STU586,ASSIGN010,2023-12-27T08:57:00+00:00,0.43
SUBSTU587ASSIGN048,STU587,ASSIGN048,2024-09-18T13:09:00+00:00,0.5
SUBSTU587ASSIGN036,STU587,ASSIGN036,2024-06-26T03:36:00+00:00,0.36
SUBSTU588ASSIGN012,STU588,ASSIGN012,2024-01-08T00:55:00+00:00,0.54
SUBSTU588ASSIGN024,STU588,ASSIGN024,2024-04-01T14:19:00+00:00,0.32
SUBSTU589ASSIGN017,STU589,ASSIGN017,2024-02-16T15:18:00+00:00,0.27
SUBSTU589ASSIGN045,STU589,ASSIGN045,2024-08-25T11:40:00+00:00,0.41
SUBSTU590ASSIGN040,STU590,ASSIGN040,2024-07-21T14:34:00+00:00,0.32
SUBSTU590ASSIGN004,STU590,ASSIGN004,2023-11-16T22:43:00+00:00,0.24
SUBSTU591ASSIGN025,STU591,ASSIGN025,2024-04-08T00:12:00+00:00,0.2
SUBSTU591ASSIGN014,STU591,ASSIGN014,2024-01-25T21:37:00+00:00,0.38
SUBSTU592ASSIGN042,STU592,ASSIGN042,2024-08-04T13:10:00+00:00,0.51
SUBSTU592ASSIGN011,STU592,ASSIGN011,2023-12-31T19:26:00+00:00,0.51
SUBSTU593ASSIGN016,STU593,ASSIGN016,2024-02-07T12:37:00+00:00,0.23
SUBSTU593ASSIGN026,STU593,ASSIGN026,2024-04-16T14:42:00+00:00,0.36
SUBSTU594ASSIGN035,STU594,ASSIGN035,2024-06-16T08:20:00+00:00,0.34
SUBSTU594ASSIGN038,STU594,ASSIGN038,2024-07-10T18:41:00+00:00,0.21
SUBSTU595ASSIGN007,STU595,ASSIGN007,2023-12-04T12:39:00+00:00,0.33
SUBSTU595ASSIGN032,STU595,ASSIGN032,2024-05-30T08:25:00+00:00,0.21
SUBSTU596ASSIGN030,STU596,ASSIGN030,2024-05-16T23:45:00+00:00,0.24
SUBSTU596ASSIGN014,STU596,ASSIGN014,2024-01-21T23:24:00+00:00,0.27
SUBSTU597ASSIGN006,STU597,ASSIGN006,2023-11-28T02:27:00+00:00,0.53
SUBSTU597ASSIGN007,STU597,ASSIGN007,2023-12-07T09:24:00+00:00,0.5
SUBSTU598ASSIGN031,STU598,ASSIGN031,2024-05-24T21:18:00+00:00,0.4
SUBSTU598ASSIGN005,STU598,ASSIGN005,2023-11-20T12:05:00+00:00,0.21
SUBSTU599ASSIGN017,STU599,ASSIGN017,2024-02-16T17:32:00+00:00,0.5
SUBSTU599ASSIGN021,STU599,ASSIGN021,2024-03-11T00:55:00+00:00,0.24
SUBSTU600ASSIGN011,STU600,ASSIGN011,2024-01-01T00:10:00+00:00,0.53
SUBSTU600ASSIGN036,STU600,ASSIGN036,2024-06-26T16:45:00+00:00,0.32
SUBX000_STU056,STU056,ASSIGN001,2023-10-16T14:16:00+00:00,0.34
SUBX000_STU149,STU149,ASSIGN001,2023-10-15T21:33:00+00:00,0.21
SUBX000_STU231,STU231,ASSIGN001,2023-10-17T14:10:00+00:00,0.29
SUBX000_STU309,STU309,ASSIGN001,2023-10-19T17:12:00+00:00,0.5
SUBX000_STU301,STU301,ASSIGN001,2023-10-16T08:34:00+00:00,0.43
SUBX001_STU457,STU457,ASSIGN002,2023-10-26T08:46:00+00:00,0.28
SUBX001_STU486,STU486,ASSIGN002,2023-10-23T22:21:00+00:00,0.46
SUBX001_STU185,STU185,ASSIGN002,2023-10-24T18:46:00+00:00,0.24
SUBX001_STU385,STU385,ASSIGN002,2023-10-24T00:03:00+00:00,0.36
SUBX002_STU477,STU477,ASSIGN003,2023-11-03T20:15:00+00:00,0.43
SUBX002_STU308,STU308,ASSIGN003,2023-10-31T11:49:00+00:00,0.35
SUBX002_STU571,STU571,ASSIGN003,2023-10-30T11:36:00+00:00,0.24
SUBX002_STU025,STU025,ASSIGN003,2023-11-03T11:46:00+00:00,0.33
SUBX002_STU138,STU138,ASSIGN003,2023-11-03T03:50:00+00:00,0.57
SUBX002_STU277,STU277,ASSIGN003,2023-10-29T13:49:00+00:00,0.52
SUBX002_STU354,STU354,ASSIGN003,2023-11-02T21:48:00+00:00,0.6
SUBX003_STU293,STU293,ASSIGN004,2023-11-09T22:22:00+00:00,0.25
SUBX003_STU549,STU549,ASSIGN004,2023-11-08T20:56:00+00:00,0.6
SUBX003_STU424,STU424,ASSIGN004,2023-11-06T01:04:00+00:00,0.41
SUBX003_STU262,STU262,ASSIGN004,2023-11-07T23:34:00+00:00,0.3
SUBX003_STU491,STU491,ASSIGN004,2023-11-09T15:52:00+00:00,0.38
SUBX003_STU570,STU570,ASSIGN004,2023-11-11T03:01:00+00:00,0.59
SUBX003_STU439,STU439,ASSIGN004,2023-11-09T11:44:00+00:00,0.43
SUBX004_STU299,STU299,ASSIGN005,2023-11-14T09:29:00+00:00,0.22
SUBX004_STU581,STU581,ASSIGN005,2023-11-17T02:03:00+00:00,0.57
SUBX004_STU134,STU134,ASSIGN005,2023-11-13T21:24:00+00:00,0.44
SUBX004_STU088,STU088,ASSIGN005,2023-11-17T12:21:00+00:00,0.53
SUBX004_STU448,STU448,ASSIGN005,2023-11-14T15:51:00+00:00,0.31
SUBX005_STU523,STU523,ASSIGN006,2023-11-20T01:12:00+00:00,0.26
SUBX005_STU448,STU448,ASSIGN006,2023-11-21T03:35:00+00:00,0.59
SUBX005_STU277,STU277,ASSIGN006,2023-11-22T18:52:00+00:00,0.31
SUBX005_STU460,STU460,ASSIGN006,2023-11-20T13:03:00+00:00,0.49
SUBX006_STU173,STU173,ASSIGN007,2023-11-27T14:48:00+00:00,0.5
SUBX006_STU068,STU068,ASSIGN007,2023-11-29T13:03:00+00:00,0.55
SUBX007_STU337,STU337,ASSIGN008,2023-12-03T10:04:00+00:00,0.21
SUBX007_STU002,STU002,ASSIGN008,2023-12-08T01:42:00+00:00,0.35
SUBX007_STU214,STU214,ASSIGN008,2023-12-05T21:45:00+00:00,0.38
SUBX007_STU224,STU224,ASSIGN008,2023-12-07T11:47:00+00:00,0.44
SUBX008_STU529,STU529,ASSIGN009,2023-12-15T03:23:00+00:00,0.6
SUBX008_STU534,STU534,ASSIGN009,2023-12-10T16:36:00+00:00,0.25
SUBX009_STU003,STU003,ASSIGN010,2023-12-19T00:52:00+00:00,0.28
SUBX009_STU024,STU024,ASSIGN010,2023-12-21T03:51:00+00:00,0.47
SUBX009_STU594,STU594,ASSIGN010,2023-12-21T23:41:00+00:00,0.5
SUBX009_STU095,STU095,ASSIGN010,2023-12-21T09:31:00+00:00,0.36
SUBX009_STU394,STU394,ASSIGN010,2023-12-21T19:29:00+00:00,0.32
SUBX009_STU582,STU582,ASSIGN010,2023-12-18T02:41:00+00:00,0.37
SUBX009_STU156,STU156,ASSIGN010,2023-12-19T21:15:00+00:00,0.3
SUBX009_STU241,STU241,ASSIGN010,2023-12-17T08:47:00+00:00,0.57
SUBX010_STU528,STU528,ASSIGN011,2023-12-27T10:48:00+00:00,0.57
SUBX010_STU284,STU284,ASSIGN011,2023-12-28T10:54:00+00:00,0.33
SUBX010_STU225,STU225,ASSIGN011,2023-12-30T02:57:00+00:00,0.46
SUBX010_STU256,STU256,ASSIGN011,2023-12-29T16:50:00+00:00,0.33
SUBX010_STU445,STU445,ASSIGN011,2023-12-26T03:34:00+00:00,0.59
SUBX010_STU122,STU122,ASSIGN011,2023-12-26T13:07:00+00:00,0.59
SUBX010_STU100,STU100,ASSIGN011,2023-12-25T16:52:00+00:00,0.52
SUBX010_STU251,STU251,ASSIGN011,2023-12-29T08:24:00+00:00,0.23
SUBX011_STU332,STU332,ASSIGN012,2024-01-03T22:01:00+00:00,0.21
SUBX011_STU245,STU245,ASSIGN012,2024-01-02T20:48:00+00:00,0.58
SUBX011_STU285,STU285,ASSIGN012,2024-01-04T16:32:00+00:00,0.31
SUBX012_STU280,STU280,ASSIGN013,2024-01-12T08:33:21+00:00,0.88
SUBX012_STU415,STU415,ASSIGN013,2024-01-12T08:32:00+00:00,0.84
SUBX012_STU443,STU443,ASSIGN013,2024-01-13T02:24:00+00:00,0.56
SUBX012_STU453,STU453,ASSIGN013,2024-01-13T01:18:00+00:00,0.26
SUBX012_STU152,STU152,ASSIGN013,2024-01-08T15:35:00+00:00,0.41
SUBX012_STU055,STU055,ASSIGN013,2024-01-11T17:51:00+00:00,0.59
SUBX012_STU098,STU098,ASSIGN013,2024-01-08T21:20:00+00:00,0.26
SUBX013_STU355,STU355,ASSIGN014,2024-01-15T23:57:00+00:00,0.29
SUBX013_STU513,STU513,ASSIGN014,2024-01-16T14:34:00+00:00,0.36
SUBX013_STU072,STU072,ASSIGN014,2024-01-15T15:35:00+00:00,0.34
SUBX013_STU509,STU509,ASSIGN014,2024-01-17T08:35:00+00:00,0.2
SUBX013_STU269,STU269,ASSIGN014,2024-01-14T13:26:00+00:00,0.45
SUBX013_STU333,STU333,ASSIGN014,2024-01-18T12:45:00+00:00,0.42
SUBX014_STU110,STU110,ASSIGN015,2024-01-21T14:01:00+00:00,0.51
SUBX014_STU563,STU563,ASSIGN015,2024-01-23T19:48:00+00:00,0.43
SUBX014_STU119,STU119,ASSIGN015,2024-01-23T21:34:00+00:00,0.25
SUBX014_STU429,STU429,ASSIGN015,2024-01-21T10:04:00+00:00,0.39
SUBX015_STU225,STU225,ASSIGN016,2024-01-31T21:56:00+00:00,0.21
SUBX015_STU057,STU057,ASSIGN016,2024-01-28T12:21:00+00:00,0.42
SUBX015_STU271,STU271,ASSIGN016,2024-02-01T12:53:00+00:00,0.38
SUBX016_STU092,STU092,ASSIGN017,2024-02-05T12:20:00+00:00,0.43
SUBX016_STU180,STU180,ASSIGN017,2024-02-09T22:34:00+00:00,0.23
SUBX017_STU129,STU129,ASSIGN018,2024-02-16T17:01:00+00:00,0.58
SUBX017_STU031,STU031,ASSIGN018,2024-02-16T20:46:00+00:00,0.2
SUBX018_STU440,STU440,ASSIGN019,2024-02-23T09:34:00+00:00,0.59
SUBX018_STU446,STU446,ASSIGN019,2024-02-20T14:03:00+00:00,0.89
SUBX018_STU333,STU333,ASSIGN019,2024-02-21T22:18:00+00:00,0.6
SUBX018_STU230,STU230,ASSIGN019,2024-02-23T18:14:00+00:00,0.35
SUBX018_STU265,STU265,ASSIGN019,2024-02-18T11:39:00+00:00,0.45
SUBX018_STU320,STU320,ASSIGN019,2024-02-20T14:03:54+00:00,0.92
SUBX018_STU391,STU391,ASSIGN019,2024-02-21T14:59:00+00:00,0.59
SUBX019_STU504,STU504,ASSIGN020,2024-02-28T03:03:00+00:00,0.58
SUBX019_STU153,STU153,ASSIGN020,2024-02-26T00:45:00+00:00,0.6
SUBX019_STU266,STU266,ASSIGN020,2024-02-29T13:46:00+00:00,0.27
SUBX019_STU241,STU241,ASSIGN020,2024-02-27T11:27:00+00:00,0.5
SUBX020_STU470,STU470,ASSIGN021,2024-03-06T08:07:00+00:00,0.4
SUBX020_STU188,STU188,ASSIGN021,2024-03-06T21:13:00+00:00,0.57
SUBX020_STU404,STU404,ASSIGN021,2024-03-08T21:39:00+00:00,0.58
SUBX021_STU134,STU134,ASSIGN022,2024-03-14T18:00:00+00:00,0.39
SUBX021_STU283,STU283,ASSIGN022,2024-03-10T13:26:00+00:00,0.43
SUBX021_STU079,STU079,ASSIGN022,2024-03-15T15:05:00+00:00,0.34
SUBX021_STU453,STU453,ASSIGN022,2024-03-10T22:05:00+00:00,0.59
SUBX021_STU419,STU419,ASSIGN022,2024-03-11T01:25:00+00:00,0.32
SUBX021_STU559,STU559,ASSIGN022,2024-03-15T00:29:00+00:00,0.6
SUBX021_STU523,STU523,ASSIGN022,2024-03-11T12:17:00+00:00,0.29
SUBX021_STU277,STU277,ASSIGN022,2024-03-12T15:09:00+00:00,0.32
SUBX022_STU430,STU430,ASSIGN023,2024-03-17T13:08:00+00:00,0.23
SUBX022_STU388,STU388,ASSIGN023,2024-03-22T22:46:00+00:00,0.54
SUBX022_STU561,STU561,ASSIGN023,2024-03-21T20:09:00+00:00,0.27
SUBX022_STU157,STU157,ASSIGN023,2024-03-20T03:37:00+00:00,0.51
SUBX023_STU410,STU410,ASSIGN024,2024-03-26T11:00:00+00:00,0.51
SUBX023_STU284,STU284,ASSIGN024,2024-03-25T00:49:00+00:00,0.51
SUBX024_STU564,STU564,ASSIGN025,2024-03-31T22:38:00+00:00,0.29
SUBX024_STU083,STU083,ASSIGN025,2024-04-01T19:30:00+00:00,0.47
SUBX024_STU544,STU544,ASSIGN025,2024-04-03T01:04:00+00:00,0.55
SUBX024_STU151,STU151,ASSIGN025,2024-04-04T14:06:00+00:00,0.49
SUBX024_STU475,STU475,ASSIGN025,2024-04-05T01:38:00+00:00,0.31
SUBX024_STU256,STU256,ASSIGN025,2024-04-04T02:19:00+00:00,0.21
SUBX025_STU415,STU415,ASSIGN026,2024-04-07T09:29:00+00:00,0.27
SUBX025_STU266,STU266,ASSIGN026,2024-04-08T20:39:00+00:00,0.32
SUBX025_STU019,STU019,ASSIGN026,2024-04-12T17:31:00+00:00,0.23
SUBX025_STU356,STU356,ASSIGN026,2024-04-12T14:21:00+00:00,0.3
SUBX025_STU101,STU101,ASSIGN026,2024-04-07T12:02:00+00:00,0.48
SUBX026_STU319,STU319,ASSIGN027,2024-04-17T08:08:00+00:00,0.53
SUBX026_STU541,STU541,ASSIGN027,2024-04-16T00:57:00+00:00,0.26
SUBX027_STU518,STU518,ASSIGN028,2024-04-26T14:52:00+00:00,0.24
SUBX027_STU395,STU395,ASSIGN028,2024-04-25T02:47:00+00:00,0.53
SUBX027_STU055,STU055,ASSIGN028,2024-04-25T09:41:00+00:00,0.23
SUBX027_STU060,STU060,ASSIGN028,2024-04-23T09:06:00+00:00,0.58
SUBX027_STU208,STU208,ASSIGN028,2024-04-22T18:09:00+00:00,0.57
SUBX027_STU168,STU168,ASSIGN028,2024-04-24T11:59:00+00:00,0.3
SUBX027_STU064,STU064,ASSIGN028,2024-04-27T00:56:00+00:00,0.5
SUBX028_STU478,STU478,ASSIGN029,2024-04-29T20:06:00+00:00,0.47
SUBX028_STU569,STU569,ASSIGN029,2024-05-02T09:44:00+00:00,0.49
SUBX028_STU425,STU425,ASSIGN029,2024-04-30T11:21:00+00:00,0.43
SUBX028_STU047,STU047,ASSIGN029,2024-04-30T23:55:00+00:00,0.53
SUBX028_STU108,STU108,ASSIGN029,2024-04-30T20:26:00+00:00,0.57
SUBX028_STU398,STU398,ASSIGN029,2024-05-03T12:06:00+00:00,0.23
SUBX029_STU349,STU349,ASSIGN030,2024-05-10T12:04:00+00:00,0.21
SUBX029_STU229,STU229,ASSIGN030,2024-05-07T03:03:00+00:00,0.41
SUBX029_STU346,STU346,ASSIGN030,2024-05-09T01:50:00+00:00,0.5
SUBX029_STU543,STU543,ASSIGN030,2024-05-08T12:41:00+00:00,0.51
SUBX029_STU170,STU170,ASSIGN030,2024-05-09T09:55:00+00:00,0.49
SUBX030_STU115,STU115,ASSIGN031,2024-05-17T01:28:00+00:00,0.24
SUBX030_STU426,STU426,ASSIGN031,2024-05-17T00:02:00+00:00,0.59
SUBX030_STU109,STU109,ASSIGN031,2024-05-13T12:25:00+00:00,0.56
SUBX030_STU437,STU437,ASSIGN031,2024-05-17T21:06:00+00:00,0.3
SUBX030_STU029,STU029,ASSIGN031,2024-05-15T12:07:00+00:00,0.41
SUBX031_STU347,STU347,ASSIGN032,2024-05-23T11:37:00+00:00,0.56
SUBX031_STU233,STU233,ASSIGN032,2024-05-19T14:12:00+00:00,0.52
SUBX031_STU042,STU042,ASSIGN032,2024-05-23T08:30:00+00:00,0.47
SUBX031_STU459,STU459,ASSIGN032,2024-05-25T02:44:00+00:00,0.35
SUBX031_STU430,STU430,ASSIGN032,2024-05-21T23:53:00+00:00,0.55
SUBX032_STU033,STU033,ASSIGN033,2024-05-27T15:16:00+00:00,0.55
SUBX032_STU016,STU016,ASSIGN033,2024-05-27T13:32:00+00:00,0.59
SUBX032_STU174,STU174,ASSIGN033,2024-05-26T21:20:00+00:00,0.43
SUBX032_STU264,STU264,ASSIGN033,2024-05-29T21:03:00+00:00,0.42
SUBX032_STU301,STU301,ASSIGN033,2024-05-29T16:51:00+00:00,0.36
SUBX032_STU199,STU199,ASSIGN033,2024-05-29T08:40:00+00:00,0.36
SUBX033_STU366,STU366,ASSIGN034,2024-06-06T20:26:00+00:00,0.48
SUBX033_STU068,STU068,ASSIGN034,2024-06-03T11:03:00+00:00,0.33
SUBX033_STU448,STU448,ASSIGN034,2024-06-07T11:56:00+00:00,0.54
SUBX033_STU122,STU122,ASSIGN034,2024-06-04T12:57:00+00:00,0.36
SUBX033_STU252,STU252,ASSIGN034,2024-06-03T00:23:00+00:00,0.57
SUBX034_STU203,STU203,ASSIGN035,2024-06-15T01:50:00+00:00,0.51
SUBX034_STU373,STU373,ASSIGN035,2024-06-10T17:37:00+00:00,0.54
SUBX034_STU048,STU048,ASSIGN035,2024-06-14T11:50:00+00:00,0.45
SUBX035_STU228,STU228,ASSIGN036,2024-06-17T08:48:00+00:00,0.2
SUBX035_STU592,STU592,ASSIGN036,2024-06-16T22:30:00+00:00,0.44
SUBX035_STU141,STU141,ASSIGN036,2024-06-16T08:31:00+00:00,0.33
SUBX035_STU296,STU296,ASSIGN036,2024-06-17T09:35:00+00:00,0.26
SUBX035_STU555,STU555,ASSIGN036,2024-06-18T10:25:00+00:00,0.35
SUBX035_STU300,STU300,ASSIGN036,2024-06-21T20:26:00+00:00,0.51
SUBX035_STU516,STU516,ASSIGN036,2024-06-22T02:46:00+00:00,0.6
SUBX035_STU068,STU068,ASSIGN036,2024-06-21T17:55:00+00:00,0.36
SUBX036_STU251,STU251,ASSIGN037,2024-06-23T19:07:00+00:00,0.21
SUBX036_STU237,STU237,ASSIGN037,2024-06-23T17:25:00+00:00,0.56
SUBX036_STU338,STU338,ASSIGN037,2024-06-26T16:51:00+00:00,0.51
SUBX036_STU239,STU239,ASSIGN037,2024-06-25T00:44:00+00:00,0.4
SUBX036_STU318,STU318,ASSIGN037,2024-06-27T22:29:00+00:00,0.54
SUBX036_STU564,STU564,ASSIGN037,2024-06-23T18:55:00+00:00,0.39
SUBX036_STU093,STU093,ASSIGN037,2024-06-27T19:30:00+00:00,0.33
SUBX036_STU096,STU096,ASSIGN037,2024-06-23T12:40:00+00:00,0.42
SUBX037_STU460,STU460,ASSIGN038,2024-07-02T11:21:00+00:00,0.83
SUBX037_STU505,STU505,ASSIGN038,2024-07-04T20:42:00+00:00,0.51
SUBX038_STU519,STU519,ASSIGN039,2024-07-08T20:50:00+00:00,0.54
SUBX038_STU101,STU101,ASSIGN039,2024-07-12T09:33:00+00:00,0.5
SUBX038_STU350,STU350,ASSIGN039,2024-07-11T23:45:00+00:00,0.26
SUBX038_STU371,STU371,ASSIGN039,2024-07-12T21:05:00+00:00,0.21
SUBX038_STU266,STU266,ASSIGN039,2024-07-09T17:59:00+00:00,0.37
SUBX039_STU379,STU379,ASSIGN040,2024-07-16T10:12:00+00:00,0.38
SUBX039_STU287,STU287,ASSIGN040,2024-07-14T23:43:00+00:00,0.28
SUBX039_STU433,STU433,ASSIGN040,2024-07-18T23:49:00+00:00,0.25
SUBX039_STU474,STU474,ASSIGN040,2024-07-17T16:59:00+00:00,0.5
SUBX039_STU480,STU480,ASSIGN040,2024-07-18T02:08:00+00:00,0.6
SUBX039_STU145,STU145,ASSIGN040,2024-07-16T00:25:00+00:00,0.47
SUBX039_STU038,STU038,ASSIGN040,2024-07-14T15:23:00+00:00,0.24
SUBX040_STU315,STU315,ASSIGN041,2024-07-22T23:05:00+00:00,0.32
SUBX040_STU234,STU234,ASSIGN041,2024-07-21T18:17:00+00:00,0.4
SUBX040_STU543,STU543,ASSIGN041,2024-07-23T23:40:00+00:00,0.47
SUBX040_STU017,STU017,ASSIGN041,2024-07-24T09:42:00+00:00,0.26
SUBX041_STU341,STU341,ASSIGN042,2024-08-03T02:01:00+00:00,0.36
SUBX041_STU266,STU266,ASSIGN042,2024-07-29T23:23:00+00:00,0.27
SUBX041_STU404,STU404,ASSIGN042,2024-08-01T18:14:00+00:00,0.6
SUBX042_STU427,STU427,ASSIGN043,2024-08-07T20:52:00+00:00,0.47
SUBX042_STU439,STU439,ASSIGN043,2024-08-12T10:20:28+00:00,0.93
SUBX042_STU257,STU257,ASSIGN043,2024-08-09T15:02:00+00:00,0.58
SUBX042_STU140,STU140,ASSIGN043,2024-08-06T02:43:00+00:00,0.59
SUBX042_STU011,STU011,ASSIGN043,2024-08-08T00:14:00+00:00,0.37
SUBX043_STU367,STU367,ASSIGN044,2024-08-15T22:43:00+00:00,0.49
SUBX043_STU129,STU129,ASSIGN044,2024-08-14T09:46:00+00:00,0.36
SUBX043_STU224,STU224,ASSIGN044,2024-08-16T09:01:00+00:00,0.52
SUBX044_STU536,STU536,ASSIGN045,2024-08-20T16:01:00+00:00,0.3
SUBX044_STU403,STU403,ASSIGN045,2024-08-20T08:52:00+00:00,0.47
SUBX044_STU240,STU240,ASSIGN045,2024-08-22T12:56:00+00:00,0.39
SUBX044_STU181,STU181,ASSIGN045,2024-08-22T22:16:00+00:00,0.5
SUBX044_STU059,STU059,ASSIGN045,2024-08-20T23:20:00+00:00,0.37
SUBX044_STU343,STU343,ASSIGN045,2024-08-20T08:18:00+00:00,0.33
SUBX045_STU330,STU330,ASSIGN046,2024-08-28T19:34:00+00:00,0.34
SUBX045_STU422,STU422,ASSIGN046,2024-08-26T22:53:00+00:00,0.54
SUBX045_STU462,STU462,ASSIGN046,2024-08-29T08:56:00+00:00,0.3
SUBX045_STU060,STU060,ASSIGN046,2024-08-29T16:51:00+00:00,0.26
SUBX045_STU486,STU486,ASSIGN046,2024-08-27T00:16:00+00:00,0.28
SUBX045_STU513,STU513,ASSIGN046,2024-08-28T12:26:00+00:00,0.38
SUBX045_STU475,STU475,ASSIGN046,2024-08-26T14:09:00+00:00,0.22
SUBX046_STU180,STU180,ASSIGN047,2024-09-01T11:37:00+00:00,0.5
SUBX046_STU151,STU151,ASSIGN047,2024-09-04T20:39:00+00:00,0.46
SUBX046_STU494,STU494,ASSIGN047,2024-09-04T22:32:00+00:00,0.44
SUBX047_STU110,STU110,ASSIGN048,2024-09-10T02:32:00+00:00,0.35
SUBX047_STU434,STU434,ASSIGN048,2024-09-10T17:09:00+00:00,0.53
SUBX047_STU169,STU169,ASSIGN048,2024-09-12T03:41:00+00:00,0.42
SUBX047_STU059,STU059,ASSIGN048,2024-09-08T20:47:00+00:00,0.27
SUBX047_STU302,STU302,ASSIGN048,2024-09-08T22:30:00+00:00,0.58
SUBX048_STU213,STU213,ASSIGN049,2024-09-16T14:23:00+00:00,0.21
SUBX048_STU599,STU599,ASSIGN049,2024-09-16T22:06:00+00:00,0.6
SUBX049_STU563,STU563,ASSIGN050,2024-09-25T00:54:00+00:00,0.53
SUBX049_STU015,STU015,ASSIGN050,2024-09-22T22:24:00+00:00,0.42
SUBX049_STU098,STU098,ASSIGN050,2024-09-22T23:22:00+00:00,0.39
SUBX049_STU273,STU273,ASSIGN050,2024-09-22T15:22:00+00:00,0.52
SUBX049_STU189,STU189,ASSIGN050,2024-09-22T21:39:00+00:00,0.57
SUBX049_STU408,STU408,ASSIGN050,2024-09-25T09:20:00+00:00,0.56
